,Size,EntryBar,ExitBar,EntryPrice,ExitPrice,SL,TP,PnL,Commission,ReturnPct,EntryTime,ExitTime,Duration,Tag,"Entry_ATR(df,14)","Exit_ATR(df,14)","Entry_SMA(C,800)","Exit_SMA(C,800)","Entry_ADX(df,14)","Exit_ADX(df,14)",Entry_位(H),Exit_位(H),Entry_位(L),Exit_位(L)
0,42,836,927,40727.92,42952.06571428572,42952.06571428572,,89899.56060000046,3514.5594,0.0525552429039205,2022-02-04 20:00:00,2022-02-08 15:00:00,3 days 19:00:00,,581.2157142857156,586.4478571428559,40483.7590375,40053.1884,61.46369416109575,24.18517303713636,40877.0,45492.0,36250.0,37290.2
1,66,1089,1118,43987.97,43328.99714285714,43328.99714285714,,-49255.128402857605,5762.919831428571,-0.016965770966146418,2022-02-15 09:00:00,2022-02-16 14:00:00,1 days 05:00:00,,363.94571428571413,272.4764285714279,40232.123125,40263.398375,32.40387067626046,18.499391790448016,44198.99,44751.4,41550.56,41550.56
2,-79,1209,1225,38166.84,39386.752857142856,39386.752857142856,,-102499.84955000016,6126.733835714285,-0.03399459976251633,2022-02-20 09:00:00,2022-02-21 01:00:00,0 days 16:00:00,,331.78499999999883,360.3185714285719,40062.2059875,39993.052975,37.818709240932904,51.46477965971063,44376.58,44168.64,38101.11,38000.0
3,-50,1236,1315,37576.1,37237.689999999995,37237.689999999995,,13179.810500000174,3740.6895,0.007014996500435158,2022-02-21 12:00:00,2022-02-24 19:00:00,3 days 07:00:00,,475.12142857142834,692.4471428571425,39947.717875,39678.400425,30.85326430060129,51.29524488619031,44022.36,39494.35,37348.49,34322.28
4,41,1408,1479,40824.96,42738.48285714285,42738.48285714285,,75028.33598571409,3426.101157142857,0.04482452436660595,2022-02-28 16:00:00,2022-03-03 15:00:00,2 days 23:00:00,,608.3635714285696,473.97285714285783,40034.142437500006,40617.3550625,44.40996262729768,28.894077131419078,40898.0,45400.0,35035.0,37000.0
5,-44,1509,1610,39469.36,39375.35428571429,39375.35428571429,,667.083999999868,3469.167428571429,0.00038412074581385593,2022-03-04 21:00:00,2022-03-09 02:00:00,4 days 05:00:00,,574.8392857142857,471.75642857142884,40746.790825000004,40871.752887500006,68.20625470536653,35.41164701294691,45400.0,39693.87,39061.53,37155.0
6,42,1612,1636,41217.73,40512.70142857143,40512.70142857143,,-33043.87811999998,3432.6781200000005,-0.019087878028633334,2022-03-09 04:00:00,2022-03-10 04:00:00,1 days 00:00:00,,588.8364285714285,528.5057142857129,40884.1756,40989.212325,37.66214092776312,39.66650163586754,41448.84,42594.06,37155.0,37155.0
7,-76,1727,1735,37720.93,39033.69571428571,39033.69571428571,,-105603.54583999993,5833.351554285715,-0.036836852643877066,2022-03-13 23:00:00,2022-03-14 07:00:00,0 days 08:00:00,,333.22642857142847,391.4778571428573,40605.7843,40553.676699999996,32.438374367736216,30.54909125200523,42320.0,40928.34,37588.0,37555.0
8,45,1779,1887,40866.06,41297.99428571429,41297.99428571429,,15739.660414285954,3697.3824428571434,0.008558941856116702,2022-03-16 03:00:00,2022-03-20 15:00:00,4 days 12:00:00,,660.0842857142842,230.07071428571518,40274.1098,40076.6052,41.90533773927144,39.1112341970227,41718.0,42400.0,37555.0,39311.53
9,71,1983,2113,43582.11,46799.35428571429,46799.35428571429,,222007.2603214288,6417.083964285715,0.07174647628186358,2022-03-24 15:00:00,2022-03-30 01:00:00,5 days 10:00:00,,357.45999999999964,394.07999999999913,40032.625812499995,41262.4209125,47.80464441175449,14.81207492609701,43595.01,48189.84,40467.94,44071.97
10,-63,2410,2462,41416.22,40826.66857142857,40826.66857142857,,31960.438020000136,5181.30198,0.01224903045232041,2022-04-11 10:00:00,2022-04-13 14:00:00,2 days 04:00:00,,409.47928571428565,363.46071428571406,43035.843375000004,43014.810075,40.83725249914364,11.198383361071857,43970.62,43410.3,41392.8,39200.0
11,-79,2573,2585,38819.07,40101.89714285714,40101.89714285714,,-107578.10068999969,6234.756404285714,-0.035079359448848095,2022-04-18 05:00:00,2022-04-18 17:00:00,0 days 12:00:00,,341.12285714285673,418.4249999999993,43218.4238,43211.915025,37.61450643272297,48.855679620356476,41500.0,41300.0,38673.18,38536.51
12,-73,2737,2752,38855.47,39644.09428571428,39644.09428571428,,-63300.0410499995,5730.468192857143,-0.02231664808069479,2022-04-25 01:00:00,2022-04-25 16:00:00,0 days 15:00:00,,356.7142857142852,438.4492857142858,43063.1479,42998.1957125,31.877600704982854,45.27244467840955,42976.0,42976.0,38674.0,38200.0
13,-109,2880,2895,37630.8,38546.55714285715,38546.55714285715,,-108120.86050000039,8303.331928571428,-0.026359644227600867,2022-05-01 00:00:00,2022-05-01 15:00:00,0 days 15:00:00,,244.12000000000003,214.43571428571522,42157.29318750001,41977.913362499996,45.697843968022305,32.758510062963396,40372.63,40372.63,37578.2,37386.38
14,-70,2992,3047,36909.67,35735.64714285715,35735.64714285715,,77096.42779999916,5085.172200000001,0.02983981000101025,2022-05-05 16:00:00,2022-05-07 23:00:00,2 days 07:00:00,,370.6807142857152,249.6685714285725,41008.1774875,40306.89725,60.023414298302974,20.510926463076228,40023.77,40023.77,36514.29,34785.0
15,-74,3051,3173,34575.76,31060.365714285716,31060.365714285716,,255282.10384000005,4857.073302857143,0.09977389246107683,2022-05-08 03:00:00,2022-05-13 05:00:00,5 days 02:00:00,,351.02500000000043,680.3528571428573,40252.49565,38300.972512500004,33.10429205481757,30.204198054766007,40023.77,34243.15,34315.78,26700.0
16,-70,3312,3327,28715.33,30158.36,30158.36,,-105133.25829999991,4121.158300000001,-0.052303201460683166,2022-05-19 00:00:00,2022-05-19 15:00:00,0 days 15:00:00,,375.98357142857174,357.9042857142852,36391.435625,36182.5236875,61.93944142896317,29.261280002669675,31460.0,31460.0,28654.47,28654.47
17,91,3748,3768,31250.99,30574.122857142855,30574.122857142855,,-67220.99527000038,5626.0852700000005,-0.023637403349919178,2022-06-06 04:00:00,2022-06-07 00:00:00,0 days 20:00:00,,276.76214285714326,324.487857142857,31037.355,30860.039725000002,50.12271764495954,41.3114354424723,31276.87,31765.64,29282.36,29282.36
18,-90,3857,3978,29045.47,22316.02,22316.02,,601027.9659000001,4622.534100000001,0.22991841791508283,2022-06-10 17:00:00,2022-06-15 18:00:00,5 days 01:00:00,,272.4707142857143,760.6692857142856,30123.5600625,29219.432862499998,30.836584813613253,26.95408084376159,31765.64,28794.46,28850.0,20111.62
19,-83,4041,4054,19008.89,19224.59142857143,19224.59142857143,,-21076.5975300003,3173.3789585714285,-0.013358744776786117,2022-06-18 09:00:00,2022-06-18 22:00:00,0 days 13:00:00,,335.4214285714287,428.21000000000015,28514.0760375,28333.15935,34.50818430760666,56.713216772608014,23362.88,22995.73,18742.5,17622.0
20,-139,4303,4343,19941.82,19785.764285714286,19785.764285714286,,16169.610069999988,5522.134215714286,0.005833375790173631,2022-06-29 07:00:00,2022-06-30 23:00:00,1 days 16:00:00,,197.52071428571435,311.36000000000007,25523.707974999998,25063.3125125,59.28193174377723,66.95078349547825,21888.0,21539.85,19889.0,18626.0
21,-137,4606,4655,20239.42,20106.535714285714,20106.535714285714,,12677.751209999831,5527.395932857143,0.004572182898521739,2022-07-11 22:00:00,2022-07-13 23:00:00,2 days 01:00:00,,203.2435714285722,372.96857142857124,21777.0965125,21137.6682125,26.056013225840406,12.726390226647638,22527.37,21771.71,20154.01,18910.94
22,118,4700,4745,21165.85,20838.934285714284,20838.934285714284,,-43532.61883142863,4956.5645457142855,-0.017429987388714784,2022-07-15 20:00:00,2022-07-17 17:00:00,1 days 21:00:00,,238.7664285714288,227.63142857142807,20683.894350000002,20489.2863375,54.07163128579175,22.30638696922556,21189.0,21684.54,18910.94,18917.26
23,104,4758,4820,21862.0,22920.91,22920.91,,105469.21735999998,4657.422640000001,0.046387663068337734,2022-07-18 06:00:00,2022-07-20 20:00:00,2 days 14:00:00,,279.591428571429,403.4678571428573,20473.0154,20589.018874999998,43.67253917615249,29.264723567313606,21880.04,24276.74,19616.07,20750.01
24,-147,4960,4981,20746.81,21470.550000000003,21470.550000000003,,-112595.73192000024,6205.951920000001,-0.03691928349466741,2022-07-26 16:00:00,2022-07-27 13:00:00,0 days 21:00:00,,189.1592857142862,151.00571428571467,20995.278675,21006.1651375,64.41587733471506,34.3741295067732,23756.49,23014.64,20706.5,20706.5
25,78,4995,5062,23282.54,23790.907142857144,23790.907142857144,,35980.90826571432,3671.7288771428575,0.019812859581226385,2022-07-28 03:00:00,2022-07-30 22:00:00,2 days 19:00:00,,339.4449999999994,267.8664285714286,21031.3076625,21241.221775,68.60847824999811,36.87763455140702,23460.58,24668.0,20706.5,20805.0
26,179,5263,5289,23729.49,23478.211428571427,23478.211428571427,,-53429.04284142915,8450.178555714285,-0.012578705773160137,2022-08-08 07:00:00,2022-08-09 09:00:00,1 days 02:00:00,,145.36642857142866,162.94571428571413,22096.9009125,22217.1448,30.085434168184808,31.560965153850336,23792.86,24245.0,22400.0,22754.13
27,82,5330,5350,24438.33,23932.554285714286,23932.554285714286,,-45440.02108285723,3966.4125114285716,-0.02267530549638332,2022-08-11 02:00:00,2022-08-11 22:00:00,0 days 20:00:00,,264.94642857142884,248.75857142857163,22325.811199999996,22395.444637499997,57.81647394597896,49.852493650567155,24491.22,24918.54,22664.69,22664.69
28,-158,5522,5576,22760.42,21448.588571428572,21448.588571428572,,200284.34235999957,6985.023354285714,0.05569415766492871,2022-08-19 02:00:00,2022-08-21 08:00:00,2 days 06:00:00,,165.230714285714,186.5157142857141,23163.8262875,23152.533025,28.224118687149815,29.875704183189566,25211.32,24446.71,22713.42,20761.9
29,-119,5704,5773,20780.86,20116.452857142856,20116.452857142856,,74197.66977000015,4866.78023,0.030004043624758565,2022-08-26 16:00:00,2022-08-29 13:00:00,2 days 21:00:00,,241.76714285714272,146.71214285714294,22915.819162500004,22772.747025,44.90011706536286,24.419344087610863,21900.0,21886.77,20635.12,19520.0
30,-141,5970,5996,19102.3,19238.88142857143,19238.88142857143,,-24664.08801000014,5406.106581428571,-0.009157149139109023,2022-09-06 18:00:00,2022-09-07 20:00:00,1 days 02:00:00,,196.83071428571384,149.35714285714312,21952.090562499998,21820.58905,41.558070235926984,49.92427044097888,20441.26,20180.0,18900.0,18510.77
31,-81,6136,6216,20829.77,20064.348571428574,20064.348571428574,,58686.7121099998,3312.4236042857146,0.03478326020882595,2022-09-13 16:00:00,2022-09-17 00:00:00,3 days 08:00:00,,330.6528571428571,186.77571428571486,21415.58815,20981.1044875,26.5219984734406,30.894364764366546,22799.0,22799.0,20751.0,19320.01
32,-132,6267,6278,18766.39,19322.561428571433,19322.561428571433,,-78442.37016000063,5027.741588571429,-0.031666206446738336,2022-09-19 03:00:00,2022-09-19 14:00:00,0 days 11:00:00,,209.3542857142859,276.3850000000002,20706.164537499997,20633.1255375,68.42935120029786,67.47359973786713,20330.24,20209.97,18670.0,18232.56
33,129,6460,6472,20099.04,19385.542857142857,19385.542857142857,,-97134.64261714305,5093.511188571429,-0.037463566703399113,2022-09-27 04:00:00,2022-09-27 16:00:00,0 days 12:00:00,,206.41928571428616,259.04785714285754,19999.791800000003,19977.7043125,31.197740411527224,77.02184054446171,20300.0,20385.86,18531.42,18531.42
34,146,6645,6708,20326.4,19691.877142857145,19691.877142857145,,-98483.00560571413,5842.668462857144,-0.03318546984639249,2022-10-04 21:00:00,2022-10-07 12:00:00,2 days 15:00:00,,181.92214285714257,126.28714285714263,19767.3170875,19780.006575,69.872154953563,17.811337476371147,20475.0,20475.0,18920.35,19122.67
35,-381,6742,6855,19317.84,18998.645714285718,18998.645714285718,,107014.44179999865,14598.58105714286,0.014539813975061234,2022-10-08 22:00:00,2022-10-13 15:00:00,4 days 17:00:00,,72.43214285714306,211.61214285714308,19767.195275,19685.5503,35.63416815323691,49.353841434291084,20475.0,19558.0,19237.14,18190.0
36,96,6866,6882,19860.69,19157.69857142857,19157.69857142857,,-71232.94244571436,3745.7653028571426,-0.03736072700106886,2022-10-14 02:00:00,2022-10-14 18:00:00,0 days 16:00:00,,225.9599999999999,176.64714285714243,19659.751262499998,19620.1169,33.19497323549877,40.61074076771233,19951.87,19951.87,18190.0,18190.0
37,-228,7009,7051,18972.69,19234.510000000002,19234.510000000002,,-68406.20160000076,8711.2416,-0.015813635283136167,2022-10-20 01:00:00,2022-10-21 19:00:00,1 days 18:00:00,,119.06500000000025,132.63785714285692,19369.731737500002,19325.8742125,26.47050139640078,34.712487016535704,19706.66,19706.66,18900.0,18650.0
38,450,7098,7118,19474.75,19242.354285714286,19242.354285714286,,-122000.76835714288,17422.69692857143,-0.013921247696192667,2022-10-23 18:00:00,2022-10-24 14:00:00,0 days 20:00:00,,65.99571428571446,104.04214285714235,19320.9282875,19331.586325,28.35592865888412,34.178529744390104,19500.0,19695.0,18650.0,18650.0
39,278,7145,7200,19813.64,20196.54,20196.54,,95323.3699600004,11122.83004,0.017305745940675323,2022-10-25 17:00:00,2022-10-28 00:00:00,2 days 07:00:00,,116.62357142857088,173.29714285714337,19346.284649999998,19445.425325000004,30.986592835284437,35.689973971110376,19840.7,21020.0,18856.4,19157.0
40,160,7383,7439,21218.29,21022.75714285714,21022.75714285714,,-38043.82468571502,6758.567542857143,-0.01120608231321746,2022-11-04 15:00:00,2022-11-06 23:00:00,2 days 08:00:00,,188.38571428571387,87.47714285714314,19725.4542625,19852.255175,50.56577097566022,30.049855640443873,21302.05,21480.65,20031.24,20031.24
41,-123,7469,7480,19636.07,20393.000000000004,20393.000000000004,,-98025.96561000048,4923.57561,-0.0405864854830933,2022-11-08 05:00:00,2022-11-08 16:00:00,0 days 11:00:00,,231.29928571428562,326.44571428571464,19871.2020875,19863.9477625,36.28711403392778,70.7243996898881,21480.65,21480.65,19546.7,19229.0
42,-63,7483,7527,18600.51,17834.369999999995,17834.369999999995,,45971.422560000196,2295.3974399999997,0.03923038239274105,2022-11-08 19:00:00,2022-11-10 15:00:00,1 days 20:00:00,,492.83571428571435,418.3285714285711,19858.6056875,19720.717562499998,60.955409126131585,31.058139351489878,21480.65,21289.49,18386.0,15588.0
43,-239,7774,7815,16284.23,16304.368571428571,16304.368571428571,,-12601.79363000004,7788.675058571429,-0.003237928351540154,2022-11-20 22:00:00,2022-11-22 15:00:00,1 days 17:00:00,,108.88785714285743,156.47214285714315,18940.7999375,18774.6552,39.476360278845064,51.382061363945716,17011.0,16822.41,16212.59,15476.0
44,-343,7946,7972,16143.4,16447.480000000003,16447.480000000003,,-115478.11184000122,11178.671840000003,-0.02085501691093597,2022-11-28 02:00:00,2022-11-29 04:00:00,1 days 02:00:00,,82.87571428571444,122.93785714285734,18325.774375,18188.297400000003,45.730246068963574,29.219719981245532,16812.63,16701.99,16090.0,15995.27
45,313,8314,8347,17427.82,17790.32,17790.32,,102439.22218,11023.27782,0.018779277040960884,2022-12-13 10:00:00,2022-12-14 19:00:00,1 days 09:00:00,,84.78714285714315,152.08357142857156,16764.651824999997,16790.027837499998,59.85557252489368,51.150103438527715,17500.0,18387.95,16871.85,16871.85
46,-203,8393,8446,16810.64,16837.125714285714,16837.125714285714,,-12207.096440000043,6830.496440000001,-0.0035771083075956302,2022-12-16 17:00:00,2022-12-18 22:00:00,2 days 05:00:00,,131.67571428571395,50.89571428571357,16823.077075,16832.10675,46.92033580415224,12.31046261852578,18387.95,18387.95,16732.36,16527.32
47,-275,8471,8474,16416.82,16793.04,16793.04,,-112593.21150000033,9132.711500000001,-0.02493965701031013,2022-12-19 23:00:00,2022-12-20 02:00:00,0 days 03:00:00,,97.52357142857156,128.20428571428576,16827.822474999997,16827.9946375,52.59545126622405,57.45122915966267,17531.73,17531.73,16256.3,16256.3
48,-463,8658,8733,16680.28,16644.174285714285,16644.174285714285,,1287.7233799996247,15429.222334285714,0.00016673940725213865,2022-12-27 18:00:00,2022-12-30 21:00:00,3 days 03:00:00,,58.565000000000246,67.98285714285599,16913.1163625,16919.001975,54.71948948756271,57.33007415668208,16972.83,16972.83,16620.04,16333.0
49,470,8851,8891,16948.04,16729.83142857143,16729.83142857143,,-118386.62814285708,15828.599571428575,-0.014862275688347592,2023-01-04 19:00:00,2023-01-06 11:00:00,1 days 16:00:00,,67.20642857142879,34.808571428571405,16917.3076375,16909.80925,65.07289203582151,25.53715338775654,16985.91,16991.87,16470.0,16605.28
50,524,8952,9183,17127.83,20949.84142857143,20949.84142857143,,1982781.2887428578,19952.699828571433,0.22092312669747763,2023-01-09 00:00:00,2023-01-18 15:00:00,9 days 15:00:00,,54.601428571429224,172.26000000000022,16898.598737499997,17522.6778875,44.81114479994464,28.854477777137088,17176.99,21650.0,16679.0,20472.39
51,164,9237,9284,22288.91,22472.875714285714,22472.875714285714,,22829.44428571425,7340.932857142857,0.006245434548904645,2023-01-20 21:00:00,2023-01-22 20:00:00,1 days 23:00:00,,192.74571428571366,176.3128571428567,17807.698,18168.1244875,35.549081029406054,26.731746540628084,22385.41,23371.8,20407.15,20407.15
52,145,9358,9385,23592.56,22759.11,22759.11,,-127571.24215000011,6720.99215,-0.0372914880792928,2023-01-25 22:00:00,2023-01-27 01:00:00,1 days 03:00:00,,273.8335714285713,197.55142857142815,18723.5805125,18933.4654375,33.457375618194185,23.15029320312744,23700.0,23816.73,22292.37,22300.0
53,173,9452,9465,23896.65,23206.280000000002,23206.280000000002,,-127582.81688999983,8148.806890000001,-0.030860933645510968,2023-01-29 20:00:00,2023-01-30 09:00:00,0 days 13:00:00,,188.97999999999956,152.28428571428518,19460.6066875,19573.441325,75.48485204431059,49.69437248239398,23960.54,23960.54,22510.0,22534.88
54,132,9529,9549,24188.09,23421.468571428577,23421.468571428577,,-107478.49030285643,6284.4617314285715,-0.033662475505211474,2023-02-02 01:00:00,2023-02-02 21:00:00,0 days 20:00:00,,236.18928571428555,201.04499999999982,20093.8383,20274.8160875,46.78106500424762,46.32992941671713,24255.0,24255.0,22500.0,22500.0
55,212,9831,9886,22247.39,24319.009999999995,24319.009999999995,,429311.36319999903,9872.076799999999,0.09102432240366157,2023-02-14 15:00:00,2023-02-16 22:00:00,2 days 07:00:00,,165.5950000000004,292.4585714285718,22248.039787499998,22526.484187500002,31.918135542412678,28.28346041805892,22260.0,25250.0,21351.07,21351.07
56,-138,10226,10273,22150.31,22428.687142857147,22428.687142857147,,-44567.94732000035,6151.901605714287,-0.014580208583988345,2023-03-03 02:00:00,2023-03-05 01:00:00,1 days 23:00:00,,237.86642857142812,87.92142857142893,23299.40545,23238.2003125,37.11154933703888,23.058853465562752,24000.0,24000.0,21971.13,21971.13
57,-195,10367,10417,21800.47,20529.99142857143,20529.99142857143,,239488.88145000004,8254.439978571429,0.05633585468570175,2023-03-08 23:00:00,2023-03-11 01:00:00,2 days 02:00:00,,170.37428571428532,278.5085714285714,23118.341399999998,22950.543850000002,24.96003265099295,22.620864110766632,22662.09,22557.91,21660.0,19549.09
58,92,10479,10507,23484.64,24378.39,24378.39,,77821.60124,4403.39876,0.03601873266952352,2023-03-13 15:00:00,2023-03-14 19:00:00,1 days 04:00:00,,391.9771428571426,489.9614285714285,22793.066675,22854.742825,59.051655061322094,57.77516190861127,23560.16,26386.87,19549.09,19765.03
59,96,10571,10635,26705.7,27185.678571428572,27185.678571428572,,40904.37051428574,5173.572342857144,0.015954915724251416,2023-03-17 11:00:00,2023-03-20 03:00:00,2 days 16:00:00,,321.93714285714333,399.90142857142797,23097.1539125,23535.667675,62.524928990503284,48.0978706579427,26788.81,28390.1,21813.88,24123.0
60,128,10856,10888,28506.99,27989.32571428571,27989.32571428571,,-73492.55698285777,7231.528411428571,-0.020141046158453614,2023-03-29 09:00:00,2023-03-30 17:00:00,1 days 08:00:00,,236.01642857142906,212.2521428571425,24505.533112499998,24704.3505125,50.67146857835469,33.81174326348684,28650.0,29184.68,26508.14,26508.14
61,279,11133,11246,28437.2,30220.79,30220.79,,481256.03079000005,16365.57921,0.06065758970644082,2023-04-09 22:00:00,2023-04-14 15:00:00,4 days 17:00:00,,114.94642857142857,201.00642857142884,26292.901475,27546.628049999996,30.39389569038926,38.71944061049276,28476.34,31000.0,27711.0,28170.0
62,-126,11395,11439,28104.38,27665.384285714288,27665.384285714288,,48286.46969999983,7026.990300000001,0.013635808724476322,2023-04-20 20:00:00,2023-04-22 16:00:00,1 days 20:00:00,,263.281428571429,122.05857142857141,28544.0930125,28560.099175,71.42086424164862,55.69306337975429,30549.99,30485.0,28010.0,27125.0
63,158,11528,11538,28727.19,28926.59,28926.59,,22395.90276000023,9109.29724,0.004934218070058331,2023-04-26 09:00:00,2023-04-26 19:00:00,0 days 10:00:00,,209.8442857142862,438.02214285714246,28529.472112499996,28545.364787500002,71.1476713336083,79.52815347516193,28780.0,30036.0,26942.82,26942.82
64,-173,11655,11677,28170.64,28556.949999999997,28556.949999999997,,-76645.5030699996,9813.87307,-0.01572692668679154,2023-05-01 16:00:00,2023-05-02 14:00:00,0 days 22:00:00,,195.69428571428503,178.08428571428547,28785.943574999998,28775.33975,70.196214308086,37.1981375297973,29969.39,29969.39,28075.36,27666.95
65,164,11752,11773,29586.94,28800.632857142857,28800.632857142857,,-138529.93337714273,9575.561948571429,-0.02854958017673624,2023-05-05 17:00:00,2023-05-06 14:00:00,0 days 21:00:00,,201.72499999999985,159.23285714285703,28824.155587499998,28858.365225,32.95906058233792,34.12393953905664,29677.0,29820.0,27666.95,27910.0
66,-162,11809,11867,28220.35,27963.752857142856,27963.752857142856,,32466.912480000006,9101.824662857143,0.0071017205668958885,2023-05-08 02:00:00,2023-05-10 12:00:00,2 days 10:00:00,,202.26928571428576,127.1042857142854,28892.4463625,28858.8717875,29.450728533569492,14.370962368613444,29820.0,29367.2,28034.34,27262.0
67,-127,11906,11945,26646.7,27003.634285714284,27003.634285714284,,-52144.246739999755,6813.592454285714,-0.015408460334675553,2023-05-12 03:00:00,2023-05-13 18:00:00,1 days 15:00:00,,236.192142857143,100.67285714285754,28830.352,28758.201825,66.34179064860383,44.554525561177954,28792.19,28331.42,26539.28,25811.46
68,-166,12065,12112,26489.0,27041.72,27041.72,,-100637.6195200002,8886.09952,-0.02288688587715649,2023-05-18 18:00:00,2023-05-20 17:00:00,1 days 23:00:00,,204.67214285714286,54.872857142857484,28306.111549999998,28108.661712499998,38.977198833053016,40.781309591148066,27663.59,27500.0,26361.2,26361.2
69,-216,12205,12253,26442.85,26722.085714285713,26722.085714285713,,-71798.54040000004,11483.626114285715,-0.012570530408030973,2023-05-24 14:00:00,2023-05-26 14:00:00,2 days 00:00:00,,161.06571428571417,119.16214285714211,27836.495274999997,27762.380887499996,74.38825235164238,22.669377988457118,27495.83,27495.83,26274.69,25871.89
70,205,12309,12363,27835.03,27519.51142857143,27519.51142857143,,-76028.98813571378,11347.680992857142,-0.01332397029416316,2023-05-28 22:00:00,2023-05-31 04:00:00,2 days 06:00:00,,172.5164285714283,147.32214285714275,27725.881875,27659.8489875,70.24841739047973,23.252998360089723,27956.0,28447.14,25871.89,26551.0
71,-177,12386,12477,26719.26,27331.80142857143,27331.80142857143,,-117986.87073000066,9567.037872857143,-0.024948014653100654,2023-06-01 03:00:00,2023-06-04 22:00:00,3 days 19:00:00,,180.75142857142913,77.68071428571395,27594.1000125,27391.232737500002,35.15682345774121,36.823482881966456,28447.14,27350.0,26640.0,26505.0
72,-191,12495,12517,26007.53,25990.67571428571,25990.67571428571,,-6712.488719999315,9931.65729142857,-0.0013512978741155113,2023-06-05 16:00:00,2023-06-06 14:00:00,0 days 22:00:00,,189.13571428571439,152.62928571428503,27349.4238625,27266.4377875,56.31979806438965,31.499292040144166,27455.02,27455.02,26000.0,25351.02
73,185,12773,12814,26690.44,26301.711428571427,26301.711428571427,,-81718.33372857148,9803.548014285714,-0.016549772984527183,2023-06-17 06:00:00,2023-06-18 23:00:00,1 days 17:00:00,,161.15571428571457,107.2928571428573,26678.524825,26642.327549999998,39.23088739631333,22.291706038641696,26839.99,26839.99,24800.0,24800.0
74,186,12856,12950,27380.55,30289.00857142857,30289.00857142857,,530246.7563914285,10726.537894285713,0.10411730271514415,2023-06-20 17:00:00,2023-06-24 15:00:00,3 days 22:00:00,,203.68857142857192,145.81714285714355,26621.959899999998,26978.03815,42.13827166551527,33.99555435090849,27395.0,31431.94,25175.56,26652.0
75,262,13338,13340,30528.99,30266.128571428573,30266.128571428573,,-84798.01535142853,15928.321065714286,-0.010601613323691932,2023-07-10 19:00:00,2023-07-10 21:00:00,0 days 02:00:00,,142.81785714285746,196.6650000000001,28687.870550000003,28697.1958625,39.93216124323014,38.47359907901245,30548.12,31045.78,29701.02,29701.02
76,152,13410,13432,31255.01,30723.59142857143,30723.59142857143,,-90196.37027428501,9420.747417142858,-0.018985665749495513,2023-07-13 19:00:00,2023-07-14 17:00:00,0 days 22:00:00,,244.09357142857127,175.85857142857145,29063.09745,29215.164950000002,49.06694070690555,35.402580598024635,31479.99,31804.2,29950.0,30158.83
77,-199,13665,13697,29178.0,29371.931428571428,29371.931428571428,,-50243.790639999905,11651.436354285714,-0.008653141407909955,2023-07-24 10:00:00,2023-07-25 18:00:00,1 days 08:00:00,,174.58785714285764,93.37428571428556,30338.678624999997,30317.248825000002,29.49230625347813,36.62935514274256,30417.46,30350.0,29000.0,28861.9
78,-231,13850,13866,28933.22,29306.07571428571,29306.07571428571,,-99582.94730999897,13453.277310000001,-0.014899655482521259,2023-08-01 03:00:00,2023-08-01 19:00:00,0 days 16:00:00,,135.01714285714323,127.26714285714272,30101.917525000004,30075.892687500003,43.15760866516432,40.57241278938727,29542.22,29542.22,28720.0,28585.7
79,196,14036,14055,29979.99,29656.374285714282,29656.374285714282,,-75117.40740000096,11688.7274,-0.012783595944209225,2023-08-08 21:00:00,2023-08-09 16:00:00,0 days 19:00:00,,186.41285714285706,129.09857142857203,29768.6254875,29759.3657375,79.45671867780796,23.440383162744187,29999.0,30244.0,28701.03,28701.03
80,-258,14231,14295,28730.51,26263.074285714287,26263.074285714287,,622410.0695399992,14188.344745714287,0.08396795357966134,2023-08-17 00:00:00,2023-08-19 16:00:00,2 days 16:00:00,,148.8307142857141,107.41571428571426,29512.623112499998,29238.705587499997,57.26135968079869,19.057012525820745,29695.32,29499.26,28723.08,25166.0
81,-209,14609,14651,25478.85,26015.65142857143,26015.65142857143,,-122953.84937000045,10762.350798571428,-0.023089579396244352,2023-09-01 18:00:00,2023-09-03 12:00:00,1 days 18:00:00,,178.85000000000036,56.290714285714,27926.018500000002,27744.899862499995,51.13318542719516,41.493268427475996,28142.85,27587.51,25333.75,25333.75
82,-230,14846,14858,25147.76,25701.757142857143,25701.757142857143,,-139114.73180000036,11695.388942857142,-0.024051711166322588,2023-09-11 15:00:00,2023-09-12 03:00:00,0 days 12:00:00,,151.84928571428568,213.7078571428579,26919.7872625,26851.9180375,28.228692194083578,64.58238100117077,26445.5,26445.5,25004.0,24901.0
83,238,15010,15016,27129.12,26764.332857142854,26764.332857142854,,-99645.98178000055,12826.641779999998,-0.015432885243394801,2023-09-18 11:00:00,2023-09-18 17:00:00,0 days 06:00:00,,137.30142857142866,185.95285714285714,26276.529425,26261.621774999996,39.15760536260905,54.45075104344247,27189.22,27409.0,26224.0,26224.0
84,-297,15167,15225,26248.39,26422.294285714288,26422.294285714288,,-67292.76609000085,15643.193232857144,-0.008631956855258747,2023-09-25 00:00:00,2023-09-27 10:00:00,2 days 10:00:00,,123.43142857142864,64.7757142857138,26274.4446875,26278.428737500002,29.720817402891587,25.70890673364931,27241.31,26738.54,26122.08,25990.46
85,361,15227,15229,26766.69,26416.765714285717,26416.765714285717,,-145521.89465571285,19199.227512857142,-0.0150600519312835,2023-09-27 12:00:00,2023-09-27 14:00:00,0 days 02:00:00,,95.32357142857109,137.1507142857138,26280.125112499998,26281.048974999998,38.171292662407645,42.163150104109846,26848.07,26850.0,25990.46,25990.46
86,227,15255,15353,27019.99,27839.88857142857,27839.88857142857,,173663.7832785711,12453.192435714285,0.028313803700783742,2023-09-28 16:00:00,2023-10-02 18:00:00,4 days 02:00:00,,146.23214285714235,244.40928571428518,26294.683187499995,26401.744575,63.912364137672526,50.30021950067073,27064.0,28580.0,25990.46,26555.09
87,-190,15567,15619,26779.45,27013.872857142855,27013.872857142855,,-54761.074199999384,10220.731342857143,-0.010762587730517054,2023-10-11 16:00:00,2023-10-13 20:00:00,2 days 04:00:00,,148.96857142857152,117.91999999999955,26822.615074999998,26882.323112500002,48.9387881704962,43.988442793516825,28095.14,27750.03,26727.56,26538.66
88,440,15668,15927,27206.2,33770.5,33770.5,,2861462.2519999994,26829.748,0.23903828171519728,2023-10-15 21:00:00,2023-10-26 16:00:00,10 days 19:00:00,,79.35357142857121,265.9171428571431,26959.82965,28191.933725,34.62534719073836,38.304847406297704,27234.99,35280.0,26538.66,29714.28
89,121,16076,16095,35406.08,34458.41285714286,34458.41285714286,,-123121.32792142854,8453.603635714288,-0.028738895571446637,2023-11-01 21:00:00,2023-11-02 16:00:00,0 days 19:00:00,,346.20999999999964,268.8564285714279,29644.0202875,29842.522975000003,39.358117568473816,45.12316949739057,35478.0,35984.99,33930.0,34025.0
90,157,16220,16263,35618.53,36458.601428571434,36458.601428571434,,120575.10465142953,11316.109634285716,0.021561650555002285,2023-11-07 21:00:00,2023-11-09 16:00:00,1 days 19:00:00,,252.96571428571406,456.36857142857116,30991.179212500003,31431.7619875,45.27438275079008,73.12584151685658,35888.0,37972.24,34323.37,34448.0
91,162,16623,16667,38221.1,37540.28,37540.28,,-122566.18355999995,12273.343560000001,-0.01979486147703751,2023-11-24 16:00:00,2023-11-26 12:00:00,1 days 20:00:00,,287.1057142857135,76.23928571428405,35447.5427625,35820.3261125,64.71564312511525,22.624180990755683,38414.0,38414.0,35632.01,36239.2
92,229,16785,16928,38705.25,43168.13285714286,43168.13285714286,,1003251.1696114292,18749.004674285716,0.11318902408034351,2023-12-01 10:00:00,2023-12-07 09:00:00,5 days 23:00:00,,183.9414285714286,242.81214285714253,36330.3805375,37511.687025,46.5726411479994,15.483384141480116,38718.0,44488.0,36707.0,39315.39
93,142,16965,17016,44527.34,43413.36571428571,43413.36571428571,,-170671.928782857,12487.580211428573,-0.026992741794784267,2023-12-08 22:00:00,2023-12-11 01:00:00,2 days 03:00:00,,298.94142857143015,181.9550000000007,37911.226637499996,38482.421200000004,39.272079988996055,21.385087407556046,44700.0,44700.0,41414.0,42821.1
94,101,17209,17225,43314.99,41827.48,41827.48,,-158837.89946999948,8599.389470000002,-0.03630734925715082,2023-12-19 02:00:00,2023-12-19 18:00:00,0 days 16:00:00,,415.9164285714292,310.8792857142861,39813.473125,39918.4594,40.802982293526654,59.602146699838805,43388.0,43497.0,40542.93,40542.93
95,135,17245,17349,43769.44,43357.37857142857,43357.37857142857,,-67390.41336428629,11762.120507142858,-0.011404949369762638,2023-12-20 14:00:00,2023-12-24 22:00:00,4 days 08:00:00,,323.12428571428455,207.45071428571515,40075.8444875,40973.327900000004,55.283030129758224,19.81266548758896,43790.84,44398.26,40542.93,43230.17
96,223,17538,17578,43111.1,44176.15857142857,44176.15857142857,,218043.0027671425,19465.05866142857,0.022680268257064783,2024-01-01 19:00:00,2024-01-03 11:00:00,1 days 16:00:00,,194.18142857142917,368.4950000000005,42223.409237500004,42585.2906875,31.81658597350003,21.877503689186394,43208.86,45879.63,41300.0,41520.3
97,95,17700,17732,45111.1,45302.91857142857,45302.91857142857,,9633.432521428615,8589.331764285715,0.0022478847303023506,2024-01-08 13:00:00,2024-01-09 21:00:00,1 days 08:00:00,,416.13214285714275,675.4700000000001,43084.914800000006,43193.3365375,35.48849746046518,65.44802971615401,45200.0,47248.99,42450.0,43100.46
98,-56,17806,17868,42509.99,42908.915714285715,42908.915714285715,,-27123.298720000144,4783.4587200000005,-0.011393665818317172,2024-01-12 23:00:00,2024-01-15 13:00:00,2 days 14:00:00,,715.3828571428567,238.25214285714225,43384.214550000004,43448.047725,65.20193242625389,37.2439348451416,48969.48,48969.48,41500.0,41500.0
99,-112,17947,17969,41022.33,41603.99857142857,41603.99857142857,,-74401.02879999988,9254.148799999999,-0.01619349510376413,2024-01-18 20:00:00,2024-01-19 18:00:00,0 days 22:00:00,,396.5549999999998,399.4528571428564,43476.3546,43450.40195,36.85306319949986,28.8603446270128,43578.01,43578.01,40831.99,40280.0
100,-90,18043,18071,39820.31,39931.62,39931.62,,-17195.573700000445,7177.6737,-0.0047981025260728696,2024-01-22 20:00:00,2024-01-24 00:00:00,1 days 04:00:00,,466.09857142857123,392.4150000000009,43383.439000000006,43234.914762500004,58.187262292424585,41.16014288458522,42619.32,42196.86,39431.58,38555.0
101,121,18217,18238,43439.51,42720.95714285715,42720.95714285715,,-97370.31223857071,10425.416524285716,-0.018524917161489806,2024-01-30 02:00:00,2024-01-30 23:00:00,0 days 21:00:00,,328.2921428571421,319.3157142857147,42860.49665,42867.476899999994,41.97876682329094,30.50789599450504,43559.0,43882.36,39822.52,41394.34
102,148,18428,18565,44131.37,49048.77857142857,49048.77857142857,,713985.8065828567,13790.66198857143,0.10931517473527658,2024-02-07 21:00:00,2024-02-13 14:00:00,5 days 17:00:00,,282.31857142857086,362.9449999999997,42798.68181249999,43216.33393750001,44.652413842794786,44.18868474800496,44261.1,50368.61,42222.0,46521.99
103,119,18584,18660,50758.0,51263.33142857143,51263.33142857143,,47993.901560000115,12140.53844,0.007945744456890783,2024-02-14 09:00:00,2024-02-17 13:00:00,3 days 04:00:00,,399.35999999999956,180.6485714285705,43285.0263875,44095.1061875,39.532055585950786,21.568951470815513,50800.0,52816.62,46800.0,48300.95
104,135,18733,18734,52840.14,51608.91571428571,51608.91571428571,,-180315.90109285797,14100.622521428571,-0.02527762684634407,2024-02-20 14:00:00,2024-02-20 15:00:00,0 days 01:00:00,,362.3021428571431,387.12857142857166,44921.90809999999,44932.8639375,32.734583862872896,29.07686568887624,52985.0,52985.0,50625.0,50625.0
105,139,18879,18928,52842.33,59232.732857142866,59232.732857142866,,872687.5634057153,15578.43373714286,0.11881247087866346,2024-02-26 16:00:00,2024-02-28 17:00:00,2 days 01:00:00,,351.5785714285713,1164.6707142857138,46823.58242500001,47868.772275,38.1281460021764,54.86545815742449,52847.84,62478.0,50521.0,50901.44
106,67,19040,19071,65241.08,64928.748571428565,64928.748571428565,,-29647.584228571985,8721.378514285714,-0.006782555671102757,2024-03-04 09:00:00,2024-03-05 16:00:00,1 days 07:00:00,,694.5414285714281,1289.0357142857133,50634.59855,51573.3351,80.91696624464132,36.42165083656961,65500.0,69000.0,60364.7,61131.01
107,62,19207,19239,71019.99,70122.32428571428,70122.32428571428,,-64406.0977714295,8750.823485714285,-0.014626980777826636,2024-03-11 08:00:00,2024-03-12 16:00:00,1 days 08:00:00,,720.0678571428549,789.856428571429,55742.54578749999,56875.304299999996,51.53056612347051,44.990056758984295,71298.0,73000.0,65657.59,66082.66
108,86,19256,19284,73433.49,71653.88714285714,71653.88714285714,,-165523.3601485718,12477.514434285717,-0.026209979047512467,2024-03-13 09:00:00,2024-03-14 13:00:00,1 days 04:00:00,,501.76571428571646,560.47142857143,57444.317337500004,58352.769962499995,37.219833169938795,32.37582125212831,73650.25,73777.0,67024.96,67024.96
109,77,19549,19597,67984.01,69069.31,69069.31,,73014.99436000023,10553.10564,0.013948083968568434,2024-03-25 14:00:00,2024-03-27 14:00:00,2 days 00:00:00,,622.4064285714297,664.1664285714287,63537.7988125,64670.468537500004,35.83406816122713,14.523958856007855,68000.0,71769.54,62260.0,63772.29
110,-54,19730,19788,66996.01,67487.66428571429,67487.66428571429,,-33811.44984000035,7262.118411428572,-0.009345899255791516,2024-04-02 03:00:00,2024-04-04 13:00:00,2 days 10:00:00,,815.0149999999984,443.1071428571434,67390.0784,67685.0953875,37.742681375324864,17.896919658201423,71366.0,71366.0,66000.0,64493.07
111,127,19864,19902,70074.01,70198.99142857143,70198.99142857143,,-1942.0297528559095,17814.671181428574,-0.0002182203195896246,2024-04-07 17:00:00,2024-04-09 07:00:00,1 days 14:00:00,,352.0235714285695,462.1200000000026,68100.8752125,68348.155175,49.20295903777662,39.03574667893163,70326.29,72797.99,65064.52,65952.56
112,-56,19986,20038,66492.0,65661.78857142858,65661.78857142858,,39091.2278399995,7400.612160000001,0.010498370330265148,2024-04-12 19:00:00,2024-04-14 23:00:00,2 days 04:00:00,,817.2514285714288,853.9307142857148,68557.7989625,68206.3799125,37.869725986904946,29.110804839696804,72104.05,71305.89,65086.86,60660.57
113,-58,20103,20125,60304.95,63260.70428571429,63260.70428571429,,-178600.5565200003,7166.807948571428,-0.05106247397601699,2024-04-17 16:00:00,2024-04-18 14:00:00,0 days 22:00:00,,797.5900000000007,702.2849999999993,67549.3759375,67357.4997875,56.17771990517037,22.36242466023305,67926.0,66867.07,59888.0,59678.16
114,-95,20290,20300,63462.0,65254.478571428575,65254.478571428575,,-182513.5297500004,12228.065464285715,-0.030273156377044527,2024-04-25 11:00:00,2024-04-25 21:00:00,0 days 10:00:00,,455.1850000000008,593.2828571428576,67180.778975,67178.97881249999,47.664305838528136,24.824357105897665,67232.35,67232.35,63337.25,62794.0
115,-69,20409,20473,61688.01,59826.73714285714,59826.73714285714,,120043.30959000018,8384.517552857144,0.028202532550490864,2024-04-30 10:00:00,2024-05-03 02:00:00,2 days 16:00:00,,613.4678571428574,542.6735714285709,66533.827375,65624.4329375,28.554515203967973,51.51329080054597,64820.01,64734.0,61600.0,56552.82
116,114,20552,20555,65143.04,63655.974285714285,63655.974285714285,,-184208.57905714307,14683.08762857143,-0.024804871381062785,2024-05-06 09:00:00,2024-05-06 12:00:00,0 days 03:00:00,,378.4107142857143,524.0064285714288,65054.2777,65045.967737499996,27.631351966980695,23.135326422757494,65500.0,65500.0,57202.49,57561.14
117,-85,20612,20630,61570.0,62241.45857142857,62241.45857142857,,-67597.95254999999,10523.97397857143,-0.01291651827188563,2024-05-08 21:00:00,2024-05-09 15:00:00,0 days 18:00:00,,476.86999999999847,454.00642857142935,64780.8784375,64637.570974999995,45.28074348128111,29.550498699569204,65500.0,65500.0,61429.62,60630.0
118,88,20772,20800,63757.57,65044.98857142857,65044.98857142857,,101958.20913142848,11334.625154285714,0.018172210968158634,2024-05-15 13:00:00,2024-05-16 17:00:00,1 days 04:00:00,,540.7235714285728,492.30285714285645,63204.7513125,63115.371137500006,48.81063307602574,54.42701905391356,64200.93,66752.01,60487.09,60749.21
119,94,20822,20871,66806.67,66608.0457142857,66608.0457142857,,-31211.66613428643,12540.983277142856,-0.004970147463248534,2024-05-17 15:00:00,2024-05-19 16:00:00,2 days 01:00:00,,483.39500000000044,325.6142857142851,63131.61595,63289.2966375,52.54656597144079,21.65692434710711,66850.0,67700.0,61142.77,62402.03
120,87,20898,20922,68728.42,69218.36714285715,69218.36714285715,,30624.030947143998,12001.370481428574,0.0051216128017244344,2024-05-20 19:00:00,2024-05-21 19:00:00,1 days 00:00:00,,564.4228571428591,491.68357142857195,63417.569775,63691.716925,30.059670936391914,48.81015290722894,68766.0,71979.0,64602.77,65857.25
121,104,21228,21307,69746.23,70392.11571428571,70392.11571428571,,52597.72633142874,14574.387954285714,0.007251250262149303,2024-06-03 13:00:00,2024-06-06 20:00:00,3 days 07:00:00,,443.70642857142957,386.4264285714266,65371.4072875,66423.5104875,34.0911772206779,33.484910856613546,69769.3,71758.0,66670.0,67257.47
122,-87,21417,21443,67084.33,68525.18285714286,68525.18285714286,,-137152.22619000037,11798.02761857143,-0.02349971103534923,2024-06-11 10:00:00,2024-06-12 12:00:00,1 days 02:00:00,,496.70928571428624,390.79928571428275,67289.1841,67460.255225,57.15582917610487,27.91495064509527,71997.02,70195.94,66900.0,66051.0
123,-99,21496,21537,65293.39,66693.29428571429,66693.29428571429,,-151657.20603000064,13066.681744285714,-0.02346165469429607,2024-06-14 17:00:00,2024-06-16 10:00:00,1 days 17:00:00,,449.467142857145,145.6607142857122,67870.5218875,68082.727075,27.24834225068449,23.755487434220406,70195.94,69999.0,65200.87,65078.0
124,-125,21656,21769,63639.64,62443.294285714284,62443.294285714284,,133782.8475000001,15760.366785714286,0.016817549250750068,2024-06-21 09:00:00,2024-06-26 02:00:00,4 days 17:00:00,,362.5142857142855,495.0192857142844,68155.9570375,67323.868575,45.844442473374,56.670808149865515,67298.81,64546.81,63522.75,58402.0
125,-120,21944,22020,60497.6,57276.991428571426,57276.991428571426,,372340.07760000014,14132.950971428572,0.051288546653090385,2024-07-03 09:00:00,2024-07-06 13:00:00,3 days 04:00:00,,338.1171428571428,340.86285714285776,65841.1954125,64855.9066875,47.83467530027576,16.98617670438682,63861.76,63152.0,60390.0,53485.93
126,78,22226,22255,62482.0,62519.62,62519.62,,-6815.766359999798,9750.126360000002,-0.0013985086905028282,2024-07-15 03:00:00,2024-07-16 08:00:00,1 days 05:00:00,,564.4428571428564,634.5171428571432,61810.170125000004,61640.419137499994,51.8410348489165,56.082943450966035,62610.0,64993.95,56542.47,56716.68
127,62,22272,22310,65505.41,63575.11,63575.11,,-127681.59224000017,8002.99224,-0.0314383273076224,2024-07-17 01:00:00,2024-07-18 15:00:00,1 days 14:00:00,,681.8328571428574,462.30428571428587,61575.756349999996,61495.4810125,29.047413346018658,13.453425937750398,65603.12,66128.63,57502.0,59466.67
128,72,22339,22385,67157.25,66380.88428571429,66380.88428571429,,-65513.07709714268,9614.745668571428,-0.013548855091169293,2024-07-19 20:00:00,2024-07-21 18:00:00,1 days 22:00:00,,582.2692857142855,495.70499999999964,61434.33944999999,61476.388562500004,35.15320545257198,34.11726369584836,67386.0,67713.0,62373.24,63238.48
129,73,22388,22428,67723.91,66223.60428571429,66223.60428571429,,-119300.48568571429,9778.168542857144,-0.024131111575977103,2024-07-21 21:00:00,2024-07-23 13:00:00,1 days 16:00:00,,615.5942857142862,428.96571428571144,61486.261025,61599.6865625,28.000086985783977,25.05240251529023,68209.16,68474.55,63238.48,63640.2
130,185,22524,22530,68400.0,68075.54714285715,68075.54714285715,,-85271.75479285633,25247.976221428573,-0.006738719360902227,2024-07-27 13:00:00,2024-07-27 19:00:00,0 days 06:00:00,,287.6157142857129,422.1857142857137,61835.401025,61885.88248749999,37.88332971475698,45.00020158002417,68471.79,69399.99,63456.7,63456.7
131,109,22562,22574,69558.99,68067.00857142858,68067.00857142858,,-177627.2095585709,15001.233844285716,-0.023427703983954523,2024-07-29 03:00:00,2024-07-29 15:00:00,0 days 12:00:00,,403.7728571428566,519.7814285714277,62170.228962500005,62282.4515125,39.09917899817916,62.92944246526013,69635.14,70079.99,63456.7,63456.7
132,-50,22677,22769,61987.02,57015.00571428571,57015.00571428571,,242650.61299999998,5950.101285714285,0.07829078184432803,2024-08-02 22:00:00,2024-08-06 18:00:00,3 days 20:00:00,,843.4685714285713,796.1414285714288,62809.324375,62355.0756375,47.505784568394816,14.135939815940166,67553.66,65366.01,61286.54,49000.0
133,-65,22987,23009,57046.34,59393.74571428571,59393.74571428571,,-160149.9769999999,7568.605571428571,-0.043190251995132406,2024-08-15 20:00:00,2024-08-16 18:00:00,0 days 22:00:00,,680.6714285714287,576.9107142857154,62898.7455875,62867.8021375,33.37917630036334,31.55219960875475,61800.0,61800.0,56680.0,56078.54
134,76,23177,23237,62999.88,63698.684285714284,63698.684285714284,,43480.03482857148,9629.090885714286,0.009081060494536922,2024-08-23 18:00:00,2024-08-26 06:00:00,2 days 12:00:00,,584.8528571428584,309.9685714285718,61891.209075,61660.487537500005,66.52798993615059,34.27170441566452,63015.99,65000.0,58075.49,59724.87
135,-85,23277,23317,60419.99,60827.87,60827.87,,-44975.8681000004,10306.0681,-0.008757496649701671,2024-08-27 22:00:00,2024-08-29 14:00:00,1 days 16:00:00,,634.6142857142851,361.3564285714289,61529.29875,61154.796975,68.38629276703239,46.469596359383,65000.0,65000.0,60000.0,57860.0
136,-73,23449,23462,56784.01,58090.17,58090.17,,-103735.49513999972,8385.815139999999,-0.025025252355372618,2024-09-04 02:00:00,2024-09-04 15:00:00,0 days 13:00:00,,562.8971428571427,430.7921428571431,59798.34275,59671.2174375,46.18772077252999,68.16588155437476,59809.65,59809.65,55606.0,55606.0
137,-67,23510,23565,54734.0,54737.362857142856,54737.362857142856,,-7559.892739999939,7334.581311428572,-0.0020615014433440814,2024-09-06 15:00:00,2024-09-08 22:00:00,2 days 07:00:00,,649.8571428571423,375.95214285714195,59362.17524999999,59254.7361625,27.43329447724619,21.127746899821638,59809.65,58390.0,54424.24,52550.0
138,102,23679,23732,59666.01,59682.58428571429,59682.58428571429,,-10482.979474285232,12173.556617142858,-0.0017224934023814553,2024-09-13 16:00:00,2024-09-15 21:00:00,2 days 05:00:00,,421.60499999999956,264.9107142857148,58985.822625,59033.2941125,28.216192590698824,22.292929507417735,59723.97,60625.0,54804.0,57211.1
139,87,23775,23799,61135.49,59244.705714285716,59244.705714285716,,-174971.30988428544,10473.077027142857,-0.03289684079457891,2024-09-17 16:00:00,2024-09-18 16:00:00,1 days 00:00:00,,484.2671428571422,426.2271428571429,58967.7216875,59023.4235,57.112479821922264,37.1457158573151,61320.0,61320.0,57493.3,57493.3
140,60,23807,23888,61759.98,62673.025714285715,62673.025714285715,,47316.76251428558,7465.980342857143,0.012768992291957142,2024-09-19 00:00:00,2024-09-22 09:00:00,3 days 09:00:00,,696.0699999999997,216.5542857142838,59047.7106,59429.9414375,30.34826565609715,20.28122925649006,61786.24,64133.32,57493.3,59174.8
141,98,23991,24071,65229.03,65322.88000000001,65322.88000000001,,-3596.787179998717,12794.08718,-0.0005626622073023253,2024-09-26 16:00:00,2024-09-30 00:00:00,3 days 08:00:00,,428.653571428571,223.09714285714082,59772.445700000004,59972.972449999994,35.64343543138162,20.70337097392126,65550.0,66498.0,62357.93,62670.0
142,231,24230,24261,62716.0,62439.682857142856,62439.682857142856,,-92740.22274000029,28910.962740000003,-0.006401441828469346,2024-10-06 15:00:00,2024-10-07 22:00:00,1 days 07:00:00,,183.6771428571436,584.230714285714,60576.397825,60797.7998125,34.55120399201927,9.555466761453925,62777.0,64478.19,59828.11,60459.9
143,-115,24307,24347,61031.99,61280.28142857143,61280.28142857143,,-42619.42550000001,14065.911214285714,-0.00607228602573825,2024-10-09 20:00:00,2024-10-11 12:00:00,1 days 16:00:00,,399.25214285714225,274.41928571428485,61105.7179,61429.883575,39.266590857542745,44.59596686501812,64478.19,64478.19,60835.0,58946.0
144,89,24415,24445,64620.87,65830.69714285714,65830.69714285714,,96064.42623857106,11610.189475714287,0.01670320402238899,2024-10-14 08:00:00,2024-10-15 14:00:00,1 days 06:00:00,,467.70499999999964,623.0000000000016,62027.6524875,62348.1700875,30.588163203138684,22.78000019242512,64686.0,67767.66,58946.0,61002.49
145,96,24518,24584,68426.99,68182.36857142857,68182.36857142857,,-36598.15556571516,13114.498422857143,-0.005571351116611537,2024-10-18 15:00:00,2024-10-21 09:00:00,2 days 18:00:00,,389.53928571428696,394.6764285714297,63103.515975,63871.90277500001,43.77863062924343,31.20055454176076,68600.0,69519.52,64660.56,66666.0
146,132,24756,24828,68908.0,71304.42428571428,71304.42428571428,,297819.9657085709,18508.040005714287,0.03274237913491283,2024-10-28 13:00:00,2024-10-31 13:00:00,3 days 00:00:00,,320.7621428571438,361.5828571428584,64849.6927875,65475.744425,43.416801121398144,26.322980381204438,69063.62,73620.12,65596.29,67036.85
147,49,24960,25148,71096.03,87976.02,87976.02,,819324.9795500003,7794.53045,0.2351877868567346,2024-11-06 01:00:00,2024-11-13 21:00:00,7 days 20:00:00,,879.1114285714284,1484.972857142858,66427.82996249999,70725.84995,48.373906629182606,46.81609725482612,71455.0,93265.64,66835.0,75714.66
148,66,25254,25260,92061.84,89451.25714285714,89451.25714285714,,-184278.33298285716,11979.86441142857,-0.03032848305319249,2024-11-18 07:00:00,2024-11-18 13:00:00,0 days 06:00:00,,680.8071428571441,748.2164285714296,74185.1998875,74363.62533750001,29.751259495416303,26.69310623428012,92079.3,92300.0,86668.21,86668.21
149,51,25323,25383,95798.12,97590.56142857143,97590.56142857143,,81551.6901042858,9862.822752857144,0.016691901126482087,2024-11-21 04:00:00,2024-11-23 16:00:00,2 days 12:00:00,,898.6964285714306,335.59571428571405,76331.066225,78569.1903375,31.012857967045107,25.76149974940352,95904.0,99588.01,88722.0,90975.8
150,31,25659,25675,102964.0,98537.78428571428,98537.78428571428,,-143459.24245571438,6246.555312857143,-0.044945005036434414,2024-12-05 04:00:00,2024-12-05 20:00:00,0 days 16:00:00,,1358.9500000000012,1168.049285714285,87982.0543625,88625.03760000001,33.415107508814195,53.75363633352019,104088.0,104088.0,93578.17,93578.17
151,87,25908,25958,102946.55,105791.42714285714,105791.42714285714,,229344.10741714214,18160.20401142857,0.02560687235962999,2024-12-15 13:00:00,2024-12-17 15:00:00,2 days 02:00:00,,493.78214285714057,745.8642857142861,95906.25265000001,96947.5226875,39.301838549034834,33.044398675459256,103359.97,108353.0,97757.44,99700.0
152,-30,26024,26044,95473.74,97834.93428571428,97834.93428571428,,-76635.08879999956,5799.260228571429,-0.026756079315631516,2024-12-20 09:00:00,2024-12-21 05:00:00,0 days 20:00:00,,1322.1235714285701,761.6564285714277,97924.171575,98077.68914999999,55.88040008666178,21.305851451533535,108353.0,108353.0,95300.0,92232.54
153,-78,26269,26273,92680.52,94340.55857142858,94340.55857142858,,-144070.6527000007,14587.64412857143,-0.019929319019789754,2024-12-30 14:00:00,2024-12-30 18:00:00,0 days 04:00:00,,614.1421428571432,762.9214285714291,98276.186075,98274.20158749999,30.47649921328402,21.321696907434696,97544.58,97544.58,92613.0,91530.45
154,83,26370,26413,98527.97,97308.64714285714,97308.64714285714,,-117458.23636571474,16254.439222857141,-0.014363022746593908,2025-01-03 19:00:00,2025-01-05 14:00:00,1 days 19:00:00,,530.3321428571445,293.6207142857155,98141.654675,98235.36325000001,30.74114910346438,33.09374203395068,98697.86,98976.91,91530.45,93200.0
155,86,26429,26461,99600.0,100258.90285714285,100258.90285714285,,39477.7800685708,17187.865645714286,0.0046088750430291325,2025-01-06 06:00:00,2025-01-07 14:00:00,1 days 08:00:00,,490.0592857142848,423.56214285714566,98300.341875,98443.12296250001,28.89752357890981,32.29120714057954,99892.0,102724.38,94803.03,96402.82
156,-53,26467,26529,96451.99,95043.38571428572,95043.38571428572,,64506.77223000019,10149.254912857145,0.012618805584000928,2025-01-07 20:00:00,2025-01-10 10:00:00,2 days 14:00:00,,832.067857142859,601.9285714285714,98402.2571125,98014.4776375,56.492965105286544,30.071166208678534,102724.38,102724.38,96323.67,91203.67
157,63,26653,26678,98963.99,97373.11857142858,97373.11857142858,,-112594.13783999966,12369.237840000002,-0.01805918028510018,2025-01-15 14:00:00,2025-01-16 15:00:00,1 days 01:00:00,,682.7592857142839,756.884285714285,97371.90380000001,97317.02643749998,33.52395875059822,40.43871959165964,99073.39,100866.66,89256.69,89256.69
158,44,26689,26718,101659.8,102648.49857142856,102648.49857142856,,34513.17200571355,8989.565137142858,0.007715835294355491,2025-01-17 02:00:00,2025-01-18 07:00:00,1 days 05:00:00,,1018.825714285713,822.5485714285709,97300.57921249999,97334.24217499999,33.16593441779368,61.18780238785728,101833.28,105865.22,89256.69,94753.42
159,21,26766,26776,107482.36,100432.89285714286,100432.89285714286,,-152405.03031000006,4366.220310000001,-0.06752161373935484,2025-01-20 07:00:00,2025-01-20 17:00:00,0 days 10:00:00,,2163.222142857142,2530.269285714286,97219.90415000002,97251.3296375,34.09343117205471,31.52673565816588,109588.0,109588.0,97335.13,97335.13
160,69,27014,27041,105920.57,103495.9842857143,103495.9842857143,,-181746.1565314285,14449.742245714286,-0.024867712367592328,2025-01-30 15:00:00,2025-01-31 18:00:00,1 days 03:00:00,,639.9742857142846,725.6135714285712,99166.13848750001,99494.09690000002,57.882109807961115,31.383205702212937,106222.08,106457.44,97777.77,98864.0
161,-67,27075,27113,99206.85,99676.95714285715,99676.95714285715,,-44822.393650000144,13325.21507857143,-0.006743394735343423,2025-02-02 04:00:00,2025-02-03 18:00:00,1 days 14:00:00,,659.9771428571423,1298.0007142857128,99832.4769375,100000.33668749999,54.17373501175001,60.37665138959255,106457.44,106457.44,99148.91,91231.0
162,-79,27261,27268,95173.79,97284.65714285715,97284.65714285715,,-181962.72161000088,15204.217324285713,-0.02420125950642514,2025-02-09 22:00:00,2025-02-10 05:00:00,0 days 07:00:00,,631.0528571428575,863.8085714285719,99915.16251249998,99910.313375,34.27148865575825,35.77563469359887,100137.99,100137.99,94713.0,94713.0
163,-50,27622,27711,92432.07,84830.96571428572,84830.96571428572,,371192.0625000002,8863.151785714286,0.08031672611032081,2025-02-24 23:00:00,2025-02-28 16:00:00,3 days 17:00:00,,880.2507142857139,1372.5750000000003,98944.9838375,96914.80690000001,50.729589151202376,61.77424123867025,99475.0,96095.32,92368.0,78258.52
164,-105,27924,27977,84600.0,83247.09714285714,83247.09714285714,,124430.85480000074,17623.945200000002,0.014007751300236456,2025-03-09 13:00:00,2025-03-11 18:00:00,2 days 05:00:00,,461.78071428571377,1166.547142857142,93143.076175,92016.20390000001,32.20271154725744,14.29799853976101,92810.64,91100.0,84240.36,76606.0
165,-75,28141,28161,81365.78,83621.09999999999,83621.09999999999,,-181523.01599999942,12374.016,-0.029746004770064127,2025-03-18 14:00:00,2025-03-19 10:00:00,0 days 20:00:00,,599.9985714285701,381.76071428571385,89213.9995625,88877.3038625,47.938044201766445,51.89144236666988,85309.71,85117.04,81134.66,81134.66
166,90,28280,28333,87416.34,86484.86714285715,86484.86714285715,,-99483.66578571295,15651.108642857143,-0.01264493645336448,2025-03-24 09:00:00,2025-03-26 14:00:00,2 days 05:00:00,,481.18785714285644,478.5885714285687,87112.12681249999,86489.66290000001,71.01107352348807,13.689142821489023,87519.38,88765.43,83175.25,83625.1
167,-91,28378,28454,84941.49,83843.5557142857,83843.5557142857,,84552.58084000181,15359.439159999998,0.010938697213811764,2025-03-28 11:00:00,2025-03-31 15:00:00,3 days 04:00:00,,452.85642857143,685.3592857142867,85924.93598750001,84995.61859999999,37.09636676362032,48.95241089276367,88765.43,87728.27,84896.0,81278.52
168,62,28503,28508,86757.67,84339.44571428571,84339.44571428571,,-160537.92688857135,10608.021174285714,-0.02984544653433609,2025-04-02 16:00:00,2025-04-02 21:00:00,0 days 05:00:00,,681.4335714285709,1042.691428571429,84958.03941249999,84991.98667500001,30.293543623147084,34.72940794405356,87333.0,88500.0,81278.52,81278.52
169,-94,28601,28621,80808.81,80170.17857142857,80170.17857142857,,44899.32936000037,15132.024925714286,0.005910895606555836,2025-04-06 18:00:00,2025-04-07 14:00:00,0 days 20:00:00,,574.9114285714251,1531.8907142857154,84514.6459375,84305.00537500001,39.62942989841424,53.09504094564575,88500.0,84720.0,80562.0,74508.0
170,45,28721,28770,83930.0,83231.53571428571,83231.53571428571,,-38953.1619642859,7522.269107142856,-0.010313664022740034,2025-04-11 18:00:00,2025-04-13 19:00:00,2 days 01:00:00,,938.9100000000014,628.2771428571422,83256.5372625,83442.83181250001,49.53489151176212,24.72292552954462,84073.0,86100.0,74620.0,76844.01
171,93,28944,29092,86625.69,93668.7157142857,93668.7157142857,,638234.0116971416,16767.37973142857,0.07922281841069793,2025-04-21 01:00:00,2025-04-27 05:00:00,6 days 04:00:00,,482.731428571431,401.56357142857036,83788.8873,85155.7932,44.229502085605766,32.99177600169514,87010.0,95758.04,83736.26,91660.01
172,104,29194,29241,96169.01,95985.88,95985.88,,-39029.62855999897,19984.10856,-0.0039023474401992326,2025-05-01 11:00:00,2025-05-03 10:00:00,1 days 23:00:00,,414.65928571428645,281.0007142857118,86160.33216249998,86977.19168750002,44.24947391714295,33.515093892312784,96396.31,97895.68,92800.01,92910.0
173,71,29360,29461,99666.67,103137.94428571429,103137.94428571429,,232061.3466714287,14399.127614285715,0.03279400898443362,2025-05-08 09:00:00,2025-05-12 14:00:00,4 days 05:00:00,,561.9921428571449,767.7250000000016,88780.956975,91712.84026249999,37.89774079026621,34.99131677487141,99800.0,105819.45,93377.0,99090.66
174,146,29605,29609,104740.0,104104.48571428572,104104.48571428572,,-123276.38062857033,30491.294914285718,-0.008061473853623841,2025-05-18 14:00:00,2025-05-18 18:00:00,0 days 04:00:00,,348.0885714285697,544.4542857142858,95388.80837500001,95485.65960000001,43.25415194995873,58.85761089292128,104800.0,105980.0,101383.07,101383.07
175,52,29615,29619,106454.27,103133.90857142858,103133.90857142858,,-183557.37957142855,10898.585285714285,-0.03315930499681093,2025-05-19 00:00:00,2025-05-19 04:00:00,0 days 04:00:00,,959.2149999999986,1035.6492857142844,95632.95509999999,95732.4742375,49.82315238803711,37.31085297487611,106660.0,107108.62,101383.07,101383.07
176,48,29670,29722,107751.41,109531.38285714287,109531.38285714287,,75009.12308571496,10429.574057142858,0.014502734249934531,2025-05-21 07:00:00,2025-05-23 11:00:00,2 days 04:00:00,,908.5914285714285,577.8792857142835,97077.14307500001,98706.8812125,32.73358068717188,19.88267345097214,107985.05,111980.0,102000.0,102126.16
177,74,29977,30011,106481.76,104805.1,104805.1,,-139708.06763999918,15635.22764,-0.01773023717864905,2025-06-03 02:00:00,2025-06-04 12:00:00,1 days 10:00:00,,615.4278571428575,359.05928571428586,103386.538925,103800.6899125,27.643120767006366,17.79341773265702,106488.0,106794.67,103068.55,103285.71
178,-60,30043,30056,101914.76,103726.15000000001,103726.15000000001,,-121021.85460000084,12338.454600000001,-0.01979135220452869,2025-06-05 20:00:00,2025-06-06 09:00:00,0 days 13:00:00,,810.5600000000007,597.047857142857,104112.41286249999,104214.332775,26.908993316580744,52.9829495627155,106794.67,106794.67,101596.62,100372.26
179,147,30112,30188,106190.0,108392.83285714286,108392.83285714286,,292272.75357000006,31543.67643,0.01872351468392238,2025-06-08 17:00:00,2025-06-11 21:00:00,3 days 04:00:00,,301.5385714285741,528.7285714285712,104934.90061250002,105870.79076250002,30.4734329050922,21.30938827635444,106320.77,110530.17,100372.26,104964.14
180,-48,30216,30263,103797.81,105548.83285714286,105548.83285714286,,-94097.73600000012,10048.638857142858,-0.01888642448236635,2025-06-13 01:00:00,2025-06-15 00:00:00,1 days 23:00:00,,945.1335714285732,373.60857142857066,106007.9026,106069.45487500001,46.4273280216522,54.7985114983149,110530.17,110392.01,103213.87,102664.31
181,85,30307,30310,108652.01,106719.91714285714,106719.91714285714,,-182534.5066642853,18306.613807142858,-0.019764611665128946,2025-06-16 20:00:00,2025-06-16 23:00:00,0 days 03:00:00,,515.6907142857132,655.442857142857,106225.39591249998,106240.71725,55.07194177644016,54.5032846616159,108888.0,108952.38,102664.31,102664.31
182,-77,30328,30390,103630.67,105429.82428571429,105429.82428571429,,-154632.53806000052,16097.658060000002,-0.019378575666836862,2025-06-17 17:00:00,2025-06-20 07:00:00,2 days 14:00:00,,585.3314285714296,382.2185714285723,106310.14322499999,106409.666525,71.83578244674736,18.638680990253274,108952.38,108952.38,103500.01,103371.02
183,-62,30401,30431,103279.26,103372.11,103372.11,,-18569.08494000036,12812.38494,-0.0028999178537878665,2025-06-20 18:00:00,2025-06-22 00:00:00,1 days 06:00:00,,677.9314285714312,674.1521428571432,106427.7334875,106392.17985,37.85614413342932,42.57732227930261,108952.38,106524.65,102345.0,100837.9
184,-55,30446,30461,99628.29,102002.56714285715,102002.56714285715,,-141674.94000000082,11089.697142857141,-0.02585518631304428,2025-06-22 15:00:00,2025-06-23 06:00:00,0 days 15:00:00,,774.0892857142878,744.1292857142835,106323.93489999998,106228.4456625,37.73557515925104,42.856848639243076,106524.65,106524.65,99066.36,98200.0
185,74,30496,30614,106225.25,107696.18428571429,107696.18428571429,,93018.95100571468,15830.186137142857,0.011833465691335827,2025-06-24 17:00:00,2025-06-29 15:00:00,4 days 22:00:00,,582.2142857142857,260.3764285714257,106033.42885,105745.76658750001,41.47698296765607,45.31321526007934,106268.0,108528.5,98200.0,106356.76
186,106,30624,30637,108713.8,107135.43857142857,107135.43857142857,,-190186.33071714285,22880.01928857143,-0.016503982632773938,2025-06-30 01:00:00,2025-06-30 14:00:00,0 days 13:00:00,,393.6199999999995,346.79857142857094,105721.3618125,105699.7277125,33.8172664512414,24.37943334662173,108789.99,108789.99,106356.76,106356.76
187,-83,30667,30679,105398.52,107382.18714285715,107382.18714285715,,-182305.17154999997,17660.79869285714,-0.020839456284585372,2025-07-01 20:00:00,2025-07-02 08:00:00,0 days 12:00:00,,536.6528571428591,429.52642857142826,105652.061975,105651.0832625,31.686733604138844,32.99901751917746,108789.99,108789.99,105387.68,105100.19
188,87,30688,30732,109413.01,108222.09142857142,108222.09142857142,,-122544.16953857134,18934.25382428571,-0.012873731129937319,2025-07-02 17:00:00,2025-07-04 13:00:00,1 days 20:00:00,,508.0471428571431,358.39142857142724,105678.71699999999,105947.65600000002,45.58557073320744,46.83846518208183,109646.45,110529.18,105100.19,105100.19
189,76,30859,30975,111749.99,119497.23999999999,119497.23999999999,,571216.2105199988,17574.78948,0.06725730149953467,2025-07-09 20:00:00,2025-07-14 16:00:00,4 days 20:00:00,,621.5942857142862,973.4942857142856,106553.44679999999,108010.54117499999,28.353208753466912,57.85163911585953,111999.79,123218.0,107429.57,110500.0
190,-46,31410,31450,113836.92,114221.70428571428,114221.70428571428,,-28190.773859999845,10490.696717142859,-0.005383516261683877,2025-08-01 19:00:00,2025-08-03 11:00:00,1 days 16:00:00,,915.1571428571448,363.6607142857153,114816.9570875,115104.328025,51.5797975177657,28.06768385858229,119273.36,118922.45,113669.01,111920.0
191,109,31546,31643,116347.23,119920.11285714286,119920.11285714286,,363691.0910571432,25753.14037142857,0.02867808296154292,2025-08-07 11:00:00,2025-08-11 12:00:00,4 days 01:00:00,,389.77357142857153,756.6414285714293,115871.57301250001,116998.07498749999,30.154962189420775,56.048523151980355,116430.01,122335.16,112650.0,114787.98
192,57,31699,31715,122744.22,120255.32142857143,120255.32142857143,,-155718.19243285683,13850.973861428572,-0.022256837127297237,2025-08-13 20:00:00,2025-08-14 12:00:00,0 days 16:00:00,,757.5528571428575,869.0442857142833,117506.11113750002,117598.09885,32.3864850591079,43.691835998925946,122839.47,124474.0,116359.89,117608.01
193,-97,31801,31872,116269.53,114678.18714285713,114678.18714285713,,131958.3285800009,22401.928562857145,0.011700358124781353,2025-08-18 02:00:00,2025-08-21 01:00:00,2 days 23:00:00,,494.9857142857155,752.7292857142872,117518.0082,117154.09766249999,40.9417248134725,30.726007387457656,124474.0,118575.0,116166.03,112380.0
194,-80,31891,31909,112193.71,114115.68,114115.68,,-171862.35119999893,18104.7512,-0.01914794857929189,2025-08-21 20:00:00,2025-08-22 14:00:00,0 days 18:00:00,,561.33642857143,772.4771428571413,117041.50815,116930.06125,30.07484613762977,18.695503045837093,118316.01,116980.0,112015.67,111684.79
195,-47,31988,32014,109561.96,112113.43571428572,112113.43571428572,,-130338.10216999991,10418.74359857143,-0.025311258670436387,2025-08-25 21:00:00,2025-08-26 23:00:00,1 days 02:00:00,,896.9292857142874,700.5164285714283,116535.89488749999,116272.97325,43.10250442706165,25.40346703305488,117429.05,117174.43,109390.01,108666.66
196,-53,32078,32142,108198.66,109166.64000000001,109166.64000000001,,-62823.300900000555,11520.360900000001,-0.010955267837882685,2025-08-29 15:00:00,2025-09-01 07:00:00,2 days 16:00:00,,766.60642857143,564.6964285714306,115811.15061249999,115017.7296875,54.37452075734184,28.93413732733527,113485.9,113485.9,108103.0,107255.0
197,81,32365,32461,113951.99,115216.63285714285,115216.63285714285,,83873.4129771415,18562.65845142857,0.009086934192950072,2025-09-10 14:00:00,2025-09-14 14:00:00,4 days 00:00:00,,506.2007142857141,286.577857142859,113853.4138625,113491.2618,49.191279365148084,20.538093490824014,114313.13,116665.63,109977.0,112148.49
198,98,32525,32533,117108.31,115679.16571428571,115679.16571428571,,-162869.31261999972,22813.172619999998,-0.0141914076074411,2025-09-17 06:00:00,2025-09-17 14:00:00,0 days 08:00:00,,418.2964285714282,413.02785714285295,113124.0981875,113100.826625,35.22841054062856,29.702086548720484,117214.0,117286.73,114384.0,114384.0
199,56,32547,32578,117581.67,116394.03857142858,116394.03857142858,,-79609.9996799994,13102.63968,-0.012090380559681198,2025-09-18 04:00:00,2025-09-19 11:00:00,1 days 07:00:00,,716.3428571428584,326.25,113070.63896249999,113054.92723749999,34.28395264455552,38.167744765180025,117896.0,117900.0,114384.0,114384.0
200,-78,32646,32701,112800.77,113407.2042857143,113407.2042857143,,-64946.09628000042,17644.22199428572,-0.00738152993104579,2025-09-22 07:00:00,2025-09-24 14:00:00,2 days 07:00:00,,540.5278571428571,476.65071428571537,113008.592025,112950.79155000001,68.37699880998511,25.61593995653804,117900.0,116121.81,111800.0,111042.66
201,-67,32725,32798,111000.0,109951.79285714285,109951.79285714285,,55426.10845000053,14803.77012142857,0.007452750900901001,2025-09-25 14:00:00,2025-09-28 15:00:00,3 days 01:00:00,,627.2249999999985,208.9564285714275,112865.0629625,112522.27382499998,65.3187200638116,11.096929020415818,115747.23,113940.0,110629.99,108620.07
202,99,32821,32960,113227.29,122828.94714285714,122828.94714285714,,927194.4896657148,23369.567477142853,0.08271504957607206,2025-09-29 14:00:00,2025-10-05 09:00:00,5 days 19:00:00,,466.67714285714254,722.451428571427,112548.34758749999,114062.7565875,58.80110804212344,45.021916016117004,113490.0,125708.42,108620.07,114224.88
203,66,32994,33007,126011.18,123371.99142857142,123371.99142857142,,-190645.73502857162,16459.289314285714,-0.022923138588632794,2025-10-06 19:00:00,2025-10-07 08:00:00,0 days 13:00:00,,690.2899999999988,560.9335714285719,114616.80713749999,114820.77695,49.071454900420925,41.883869812569706,126199.63,126199.63,118516.39,119248.3
204,-38,33092,33133,114266.82,112667.63714285713,112667.63714285713,,52145.43920000078,8623.509371428572,0.012009158914197628,2025-10-10 21:00:00,2025-10-12 14:00:00,1 days 17:00:00,,2023.7135714285698,839.9914285714268,115961.1811125,115960.6417375,32.639410981458994,32.6929351951261,126199.63,124197.25,113039.0,102000.0
205,-51,33246,33296,106741.28,107922.7157142857,107922.7157142857,,-71201.0852099995,10947.863781428572,-0.013079285820818295,2025-10-17 07:00:00,2025-10-19 09:00:00,2 days 02:00:00,,869.4557142857177,496.8799999999995,115680.16341249998,115128.6041,65.58196684473418,13.84035732019127,115891.3,113520.88,106639.79,103528.23
206,69,33478,33505,114681.34,113635.70714285714,113635.70714285714,,-87902.5433957145,15753.876252857142,-0.011108606720899077,2025-10-26 23:00:00,2025-10-28 02:00:00,1 days 03:00:00,,586.4749999999985,596.3607142857145,113943.641775,114023.5056625,74.13287334512982,29.463482016776197,115466.8,116400.0,106666.69,109517.37
207,-80,33544,33579,111106.35,110108.78714285714,110108.78714285714,,62107.81760000086,17697.21097142857,0.006987428891328074,2025-10-29 17:00:00,2025-10-31 04:00:00,1 days 11:00:00,,582.4014285714293,917.0471428571442,114147.8451125,114148.6012375,36.671115639794905,47.5444758389609,116400.0,116400.0,110960.0,106304.34
208,-46,33663,33760,105745.71,102511.10857142857,102511.10857142857,,139211.85206000024,9579.813654285714,0.028619076934657747,2025-11-03 16:00:00,2025-11-07 17:00:00,4 days 01:00:00,,953.4757142857125,913.8314285714285,113864.0749625,111725.28346250001,56.53407278163177,22.928703079095445,111250.01,108333.0,105511.0,98944.36
209,-52,33883,34023,101297.31,93720.64,93720.64,,383845.90659999993,10140.933400000002,0.07287115570986039,2025-11-12 20:00:00,2025-11-18 16:00:00,5 days 20:00:00,,865.1478571428555,998.1757142857158,108794.0693375,105863.86122499999,36.00753322149257,55.15512105365365,107500.0,97411.11,100813.59,89253.78
210,-51,34072,34131,87878.1,86505.24714285714,86505.24714285714,,61121.94501000022,8893.550704285715,0.01363786324465371,2025-11-20 17:00:00,2025-11-23 04:00:00,2 days 11:00:00,,964.9700000000001,579.0178571428593,104875.92924999999,103127.25099999999,43.53246708517196,43.43038780864252,96043.0,93160.0,87487.95,80600.0
211,-66,34320,34356,87000.0,87762.46714285715,87762.46714285715,,-61857.15426000018,11534.322831428572,-0.010772754137930957,2025-12-01 01:00:00,2025-12-02 13:00:00,1 days 12:00:00,,700.1392857142865,582.942142857142,97916.4213125,96757.07195,37.785385922393225,39.92551195686758,93092.0,93092.0,86959.99,83822.76
212,60,34528,34559,94187.81,91226.77571428572,91226.77571428572,,-188786.93228571408,11124.875142857141,-0.03340611562609394,2025-12-09 17:00:00,2025-12-11 00:00:00,1 days 07:00:00,,769.0535714285714,837.3507142857155,93291.08108749999,92939.9583,29.22782494547696,17.03234587001464,94488.64,94588.99,87719.28,87719.28
213,-76,34671,34717,87033.21,88280.76571428572,88280.76571428572,,-108138.09644,13323.862154285716,-0.016348583374093693,2025-12-15 16:00:00,2025-12-17 14:00:00,1 days 22:00:00,,603.0321428571406,695.6571428571426,91041.24731250001,90197.6432625,30.464647275434242,32.43629953956651,93555.0,90634.55,86621.91,85146.64
214,-45,34747,34758,84483.8,88314.98142857142,88314.98142857142,,-180179.10944999964,7775.945164285715,-0.04739346726828097,2025-12-18 20:00:00,2025-12-19 07:00:00,0 days 11:00:00,,998.4699999999991,840.8671428571439,89849.8685125,89718.3014625,43.90527940938413,17.244200524108894,90365.85,90365.85,84481.31,84450.01
215,85,34835,34842,89945.43,88070.16285714286,88070.16285714286,,-174529.03253571352,15131.325392857143,-0.022828094053408535,2025-12-22 12:00:00,2025-12-22 19:00:00,0 days 07:00:00,,534.5792857142858,623.7357142857124,89208.6758125,89192.18016250001,31.51187134827696,37.232492757480614,90118.0,90588.23,84450.01,84450.01
216,105,34995,35000,90123.55,88489.67285714285,88489.67285714285,,-190311.48840000064,18754.388400000003,-0.020111173668972096,2025-12-29 04:00:00,2025-12-29 09:00:00,0 days 05:00:00,,427.1200000000005,594.3335714285734,89328.854,89340.72141249999,32.48829363859295,42.57059316487623,90169.06,90406.08,86655.08,86655.08
217,71,35104,35199,90376.05,92501.14285714284,92501.14285714284,,137897.31216428432,12984.280692857143,0.021490380076200504,2026-01-02 17:00:00,2026-01-06 16:00:00,3 days 23:00:00,,611.6321428571433,486.46642857143263,89044.7556875,89270.567675,59.08463609173848,18.509050068047173,90800.0,94789.08,86845.66,88459.96
218,99,35330,35335,92203.56,90476.4857142857,90476.4857142857,,-189065.678811429,18085.324525714284,-0.02071237088273567,2026-01-12 03:00:00,2026-01-12 08:00:00,0 days 05:00:00,,471.83857142857283,570.2457142857145,89336.1817,89329.7241625,29.96493384545752,23.376473710815826,92384.4,92519.95,89311.0,89311.0
219,79,35367,35438,93449.99,95084.85285714286,95084.85285714286,,114259.91312857135,14894.252585714286,0.015477026956190389,2026-01-13 16:00:00,2026-01-16 15:00:00,2 days 23:00:00,,561.3607142857124,397.82000000000073,89322.509375,89767.2833375,47.125647924617056,33.60860763576249,93450.0,97924.49,89850.0,90128.44
220,-87,35534,35608,90531.15,90509.64714285714,90509.64714285714,,-13879.800780000129,15750.54935142857,-0.0017622436034447886,2026-01-20 15:00:00,2026-01-23 17:00:00,3 days 02:00:00,,533.643571428572,578.3800000000005,90544.90167499999,90713.52963749999,70.20981876802773,21.370682602394357,95809.08,93420.0,90272.53,87263.53
221,-85,35659,35677,86495.17,88484.02571428572,88484.02571428572,,-183925.96735000025,14873.231635714286,-0.025016829379027706,2026-01-25 20:00:00,2026-01-26 14:00:00,0 days 18:00:00,,508.3457142857151,495.42785714285856,90745.688725,90748.13272499999,64.79251770498048,31.475883658867268,91224.99,91224.99,86194.85,86074.72
222,-71,35751,35876,84934.02,76778.89,76778.89,,567532.6133900003,11481.616610000001,0.09411325508906795,2026-01-29 16:00:00,2026-02-03 21:00:00,5 days 05:00:00,,595.9607142857141,1165.1992857142852,90822.9408875,89566.73742500001,64.47391045477775,57.69781570950074,90600.0,84621.16,84366.56,72945.5
223,-54,35897,35943,72576.08,69581.2657142857,69581.2657142857,,154043.47476000054,7676.496668571428,0.03930574563961028,2026-02-04 18:00:00,2026-02-06 16:00:00,1 days 22:00:00,,907.3914285714283,1290.3735714285701,89223.0257625,87958.5917,37.334563540621424,40.47231429523559,82928.2,79360.0,72169.0,60000.0
