,Size,EntryBar,ExitBar,EntryPrice,ExitPrice,SL,TP,PnL,Commission,ReturnPct,EntryTime,ExitTime,Duration,Tag,Entry_calculate…(10),Exit_calculate…(10),Entry_calculate…(300),Exit_calculate…(300),Entry_calculate…(800),Exit_calculate…(800),Entry_calculate…(14),Exit_calculate…(14),Entry_calculate…(50),Exit_calculate…(50)
0,2,1410,1416,41010.09,43026.45,,,3864.646920000001,168.07308,0.0471182448026815,2022-02-28 17:00:00,2022-02-28 23:00:00,0 days 06:00:00,,39664.157036830235,41502.86636290259,39205.968897797924,39317.63128051971,40182.33806088604,40210.12374705352,640.821428571427,799.9549999999987,37000.0,37000.0
1,2,1780,1900,40866.06,40804.84,,,-285.7818000000023,163.34179999999998,-0.0034965665885088835,2022-03-16 03:00:00,2022-03-21 03:00:00,5 days 00:00:00,,39528.20582626486,41174.798332065555,39438.423351377496,40441.08009549779,39987.955209107036,40302.2456658662,660.0842857142842,349.12785714285826,37975.4,40467.94
2,2,2652,2661,42254.13,41218.82,,,-2237.5658999999955,166.9459,-0.026477481609490004,2022-04-21 11:00:00,2022-04-21 20:00:00,0 days 09:00:00,,41902.39103303874,41581.373653159375,41369.96460133351,41397.27094916378,42130.99563891619,42124.65374549281,292.7550000000005,424.6621428571431,40636.74,40541.56
3,4,4759,4769,21862.0,22675.83,,,3077.168680000007,178.15132,0.035188554112158064,2022-07-18 06:00:00,2022-07-18 16:00:00,0 days 10:00:00,,21430.743737047265,22172.42450663154,20657.137169762103,20760.736907876395,21806.060401226867,21817.343586997675,279.591428571429,364.80285714285753,20478.61,20750.01
4,4,4777,4799,22432.58,23650.26,,,4686.3886399999865,184.33136000000002,0.05222748163608461,2022-07-19 00:00:00,2022-07-19 22:00:00,0 days 22:00:00,,22021.403415994737,23176.80205254035,20819.101007652564,21055.00877702298,21818.63711387462,21856.822420708664,439.40000000000043,390.8607142857142,20750.01,20750.01
5,4,5191,5264,23189.77,23729.49,,,1971.2029600000046,187.67704,0.02125078170244897,2022-08-05 06:00:00,2022-08-08 07:00:00,3 days 01:00:00,,23003.833488505683,23448.372059460824,22895.976298730417,22997.322228988083,22548.064470934045,22649.15005290602,178.00500000000025,145.36642857142866,22400.0,22844.62
6,4,5318,5342,23983.92,24862.02,,,3317.0162400000086,195.38376,0.034575418030080324,2022-08-10 13:00:00,2022-08-11 13:00:00,1 days 00:00:00,,23357.132558666442,24540.80538648535,23141.495519592005,23304.29262914461,22756.235887355168,22842.286037002686,236.2149999999999,246.9557142857146,22664.69,22664.69
7,5,6633,6675,19967.69,20369.86,,,1809.1622500000094,201.68775,0.0181208968087947,2022-10-04 08:00:00,2022-10-06 02:00:00,1 days 18:00:00,,19711.575773268632,20210.37608129002,19386.887465125863,19570.066816247574,19879.805047703227,19905.27971849909,142.37785714285616,195.2057142857149,18920.35,19490.6
8,5,6868,7010,19829.18,18972.69,,,-4476.459350000008,194.00934999999998,-0.045150221542191976,2022-10-14 03:00:00,2022-10-20 01:00:00,5 days 22:00:00,,19524.796605032938,19123.73290483724,19384.764375954892,19332.75720470335,19701.632303833943,19581.98350040807,217.70785714285714,119.06500000000025,18190.0,18900.0
9,5,7144,7145,19490.04,19748.48,,,1096.0073999999934,196.1926,0.011246846081382994,2022-10-25 15:00:00,2022-10-25 16:00:00,0 days 01:00:00,,19437.81960455591,19506.150585545744,19283.90958741471,19287.42939082059,19482.65042280083,19483.476863692715,87.69928571428474,93.58571428571356,19157.0,19157.0
10,6,8901,8953,16940.41,17127.83,,,920.1105600000113,204.40944000000002,0.00905242317039565,2023-01-06 20:00:00,2023-01-09 00:00:00,2 days 04:00:00,,16843.69359286899,17018.665554602954,16748.631692586743,16807.671336020252,16897.64523676802,16903.919023342918,66.57357142857134,54.601428571429224,16679.0,16908.0
11,4,9667,9694,23282.92,22829.87,,,-1996.6511599999972,184.45116,-0.021439011515737703,2023-02-07 18:00:00,2023-02-08 21:00:00,1 days 03:00:00,,23000.482776873047,22968.238045151877,22976.824483673772,23000.300246876872,21543.998434842062,21647.066275177036,154.3700000000008,131.00000000000026,22628.13,22638.0
12,4,10186,10204,23869.01,23494.47,,,-1687.6139199999889,189.45392,-0.017675784626174116,2023-03-01 09:00:00,2023-03-02 03:00:00,0 days 18:00:00,,23626.58814174412,23548.506992551014,23561.181327889743,23566.546808698356,22946.521828459798,22975.73579413723,194.89714285714294,181.10071428571453,23020.03,23020.03
13,4,10479,10480,22479.64,23484.64,,,3836.14288,183.85712,0.04266241452265239,2023-03-13 14:00:00,2023-03-13 15:00:00,0 days 01:00:00,,22415.367626158226,22700.158966856732,21769.45398590101,21784.153427855155,22310.612703013896,22314.785255565672,334.08999999999986,391.9771428571426,19992.24,19992.24
14,3,11712,11808,29026.16,28430.09,,,-1960.5787499999992,172.36875,-0.02251507777811461,2023-05-04 00:00:00,2023-05-08 00:00:00,4 days 00:00:00,,28770.51630711429,28741.947416560277,28687.63499232573,28850.395792806125,28352.08566041498,28499.583194619856,305.89714285714297,172.8778571428572,27872.0,28300.0
15,3,12812,12816,26650.01,26339.98,,,-1089.0599699999966,158.96997,-0.013621758115662961,2023-06-18 20:00:00,2023-06-19 00:00:00,0 days 04:00:00,,26565.65905906709,26460.9449481961,26180.29692627875,26185.57152619011,26631.24562884352,26628.754168348238,103.30214285714308,113.33714285714294,26181.0,26181.0
16,3,12834,12841,26665.06,26982.29,,,790.7479499999987,160.94205,0.009884944942932898,2023-06-19 18:00:00,2023-06-20 01:00:00,0 days 07:00:00,,26497.692360733694,26758.51711589363,26216.71781822227,26243.75999485831,26621.33856901551,26624.59533411736,140.95928571428522,208.16357142857123,26255.85,26255.85
17,3,13264,13284,30390.83,30201.72,,,-749.1076500000017,181.77765000000002,-0.008216378098261895,2023-07-07 16:00:00,2023-07-08 12:00:00,0 days 20:00:00,,30274.43765919031,30225.815308661524,30239.221932698078,30240.73750264233,29078.160511082046,29135.39974093046,159.7035714285708,69.99500000000054,29701.02,29701.02
18,3,13298,13319,30332.25,30174.0,,,-656.26875,181.51875,-0.007212002076997303,2023-07-09 02:00:00,2023-07-09 23:00:00,0 days 21:00:00,,30262.490389999162,30219.036431666915,30240.13408748211,30242.827396365574,29173.164810405695,29228.827040699856,80.22785714285679,91.09285714285787,29930.53,30044.47
19,3,13337,13340,30351.18,30837.4,,,1275.0942600000035,183.56574,0.014003785684774008,2023-07-10 17:00:00,2023-07-10 20:00:00,0 days 03:00:00,,30246.74672840914,30465.741536446472,30235.646537501012,30245.15209625304,29270.5832348847,29281.378420304325,105.54357142857172,157.86428571428587,29950.0,29950.0
20,3,14031,14033,29439.12,29748.0,,,749.078640000003,177.56136,0.008481669289027787,2023-08-08 15:00:00,2023-08-08 17:00:00,0 days 02:00:00,,29378.351481342062,29511.56024784055,29268.588462808515,29275.34060643419,29435.644421188703,29437.353512932947,113.60785714285703,141.2842857142857,28701.03,28701.03
21,3,14102,14200,29470.71,29332.67,,,-590.5301400000026,176.41014,-0.006679288690364087,2023-08-11 14:00:00,2023-08-15 16:00:00,4 days 02:00:00,,29444.950677905395,29370.27985297837,29386.711066431886,29395.91030312958,29461.3860122522,29449.43559904422,62.5028571428572,64.20428571428472,29320.2,29102.45
22,3,14919,15012,26731.39,27196.98,,,1234.9848900000004,161.78511,0.015399933561255172,2023-09-14 15:00:00,2023-09-18 12:00:00,3 days 21:00:00,,26492.230092374375,26933.614205269383,26010.2277234656,26271.664555310446,26662.217295067592,26642.987733588838,135.2807142857143,151.7542857142858,25764.17,26377.35
23,3,15255,15272,26793.36,27179.99,,,997.9699500000031,161.92005,0.012415637680380478,2023-09-28 15:00:00,2023-09-29 08:00:00,0 days 17:00:00,,26624.675568973704,27020.688191403588,26460.926042164487,26522.239806208578,26610.87275202969,26628.45392501694,137.64857142857105,137.94714285714275,26088.34,26112.06
24,3,15677,15678,27251.18,27916.43,,,1830.24717,165.50283000000002,0.022387375152195348,2023-10-16 05:00:00,2023-10-16 06:00:00,0 days 01:00:00,,27296.32048866702,27390.19130890938,27153.11681974253,27157.49883422929,27058.75228865832,27060.63458007241,161.0114285714291,171.0950000000004,26789.0,26789.0
25,3,16405,16411,36190.71,37390.0,,,3377.1278700000025,220.74213,0.03110492416424007,2023-11-15 13:00:00,2023-11-15 19:00:00,0 days 06:00:00,,35904.57715605291,36587.884755450075,35833.09824034778,35867.74378661321,33587.30369659053,33633.84202687704,193.24357142857272,312.23857142857275,34800.0,34800.0
26,3,16570,16622,36690.98,37771.99,,,3019.641089999984,223.38891,0.02743309200244852,2023-11-22 10:00:00,2023-11-24 14:00:00,2 days 04:00:00,,36530.88745280716,37626.035137102146,36488.95985966211,36724.5579609026,34673.66313140331,34991.31439566296,271.35928571428616,206.7735714285705,35632.01,36239.2
27,3,16705,16721,37258.14,37877.57,,,1632.8828700000008,225.40713,0.014608734896588954,2023-11-28 01:00:00,2023-11-28 17:00:00,0 days 16:00:00,,37097.51653531541,37526.87305417484,37045.15068866565,37069.17095382416,35462.63535694524,35533.79577584161,228.3728571428567,217.39285714285663,36707.0,36707.0
28,2,17049,17055,42036.86,41474.87,,,-1291.0034599999958,167.02346,-0.01535561243156595,2023-12-12 09:00:00,2023-12-12 15:00:00,0 days 06:00:00,,41728.1806837676,41637.27259964636,41711.665886184404,41709.04326813624,39003.26572519597,39042.60666947582,317.6485714285721,315.9771428571429,40222.0,40222.0
29,2,17083,17086,42127.45,42988.48,,,1551.8281400000124,170.23185999999998,0.018418253893838853,2023-12-13 19:00:00,2023-12-13 22:00:00,0 days 03:00:00,,41866.713873856264,42355.51284300617,41647.15636515246,41672.79840807891,39197.64498528442,39225.622587075704,327.02571428571486,361.4807142857145,40222.0,40555.0
30,2,17179,17183,42173.21,41717.85,,,-1078.5021200000012,167.78212,-0.012786578493787908,2023-12-17 19:00:00,2023-12-17 23:00:00,0 days 04:00:00,,42014.200761718705,41855.37632659219,41992.51303406867,41987.08602292657,39884.03170950929,39902.97213919067,256.4628571428569,277.84071428571406,41510.0,41252.0
31,2,17208,17247,42657.8,43867.04,,,2245.430319999996,173.04968000000002,0.026319106001715917,2023-12-19 00:00:00,2023-12-20 15:00:00,1 days 15:00:00,,42138.00946098674,43294.3058609335,41911.91390303092,42116.0025106667,39998.72081527172,40258.96130711468,372.7128571428579,338.1714285714276,40542.93,41146.83
32,2,17418,17440,43022.0,42445.99,,,-1322.955980000004,170.93598,-0.01537534261540614,2023-12-27 18:00:00,2023-12-28 16:00:00,0 days 22:00:00,,42952.53036439496,42784.92023617569,42901.58552022738,42928.17386686917,41334.89812383017,41429.55844097539,268.87785714285775,258.99857142857115,41637.6,41637.6
33,2,17538,17540,42812.71,43517.98,,,1237.8786200000081,172.66138,0.014456905671236609,2024-01-01 18:00:00,2024-01-01 20:00:00,0 days 02:00:00,,42758.15163202602,43040.223323918246,42674.18984707308,42686.49458900211,41637.93350171917,41647.734472313816,178.38642857142935,201.54857142857196,41965.84,41965.84
34,2,17607,17689,43676.07,43632.0,,,-262.7561399999994,174.61614,-0.00300801033609483,2024-01-04 15:00:00,2024-01-08 01:00:00,3 days 10:00:00,,43384.83867702982,43932.12127384503,43193.47953388403,43490.88620546142,42035.230630126855,42379.63875494276,358.12357142857064,291.50999999999993,40750.0,43397.05
35,2,18166,18173,42150.59,42720.33,,,969.7381600000105,169.74184,0.011503257249779998,2024-01-27 22:00:00,2024-01-28 05:00:00,0 days 07:00:00,,41945.91268780215,42248.654941462984,41429.94320036114,41467.970293667895,42134.51552788893,42136.73103196174,134.86857142857116,184.68928571428478,39792.02,39896.84
36,2,18194,18209,42160.21,43200.01,,,1908.8795600000058,170.72044,0.022638401943443826,2024-01-29 02:00:00,2024-01-29 17:00:00,0 days 15:00:00,,42091.67156269814,42500.31775982461,41565.73847388004,41637.95500071329,42141.037082872615,42147.66900072012,262.33142857142695,315.62142857142993,41394.34,41620.81
37,2,18279,18356,42651.1,42636.43,,,-199.91505999999652,170.57506,-0.0023436096607121603,2024-02-01 15:00:00,2024-02-04 20:00:00,3 days 05:00:00,,42332.303035124365,42861.885530402,42105.76918339027,42471.1790528476,42272.46690960862,42403.387605521326,243.00500000000102,157.61714285714282,41884.28,42541.4
38,1,19365,19384,68269.05,67467.19,,,-937.5962400000005,135.73624,-0.013733840444535291,2024-03-17 21:00:00,2024-03-18 16:00:00,0 days 19:00:00,,67897.41591294682,67685.83866040103,67834.80157185726,67847.41685171479,61573.248760983835,61868.8244502503,742.2421428571439,737.7185714285713,64533.0,64533.0
39,1,19448,19458,66985.19,65724.99,,,-1392.9101799999971,132.71018,-0.020794300650636355,2024-03-21 08:00:00,2024-03-21 18:00:00,0 days 10:00:00,,66939.86526691231,66373.94958515633,66840.79693786072,66824.05320837311,62321.60617412962,62426.91688643879,807.9949999999995,753.2942857142849,60775.0,60775.0
40,1,19536,19551,67210.0,69377.2,,,2030.6127999999972,136.5872,0.030212956405296792,2024-03-25 00:00:00,2024-03-25 15:00:00,0 days 15:00:00,,66267.77439903867,67950.85969513869,66047.5096640461,66180.81356823456,62862.031901927076,63030.43374403369,602.0292857142855,643.5571428571441,62985.0,63772.29
41,1,19801,19805,68606.01,67648.0,,,-1094.2640099999949,136.25401,-0.01594997304172032,2024-04-05 01:00:00,2024-04-05 05:00:00,0 days 04:00:00,,68070.22019174874,67720.54023345833,67949.72877972879,67937.8428694934,65699.92203291152,65717.825846028,740.6192857142867,784.2578571428593,64493.07,65064.52
42,1,19840,19850,68104.01,69541.65,,,1299.9943399999995,137.64566,0.019088367043291622,2024-04-06 16:00:00,2024-04-07 02:00:00,0 days 10:00:00,,67925.08435102021,68825.2586953019,67878.22293267328,67933.91176111487,65878.81734481597,65949.38005899658,297.73785714285935,404.15571428571485,65952.56,65952.56
43,1,19937,19959,69499.99,69600.55,,,-38.54054000000235,139.10054000000002,-0.0005545402236749437,2024-04-10 17:00:00,2024-04-11 15:00:00,0 days 22:00:00,,68974.59330101483,70275.09180907765,68819.0951828213,69034.98809452614,66736.47564760676,66932.53361781231,590.6628571428581,598.9578571428584,67518.0,67518.0
44,1,20214,20275,66377.99,64127.04,,,-2381.4550300000046,130.50503000000003,-0.03587717901671931,2024-04-22 06:00:00,2024-04-24 19:00:00,2 days 13:00:00,,65516.77727534599,65066.732224052554,65209.14820865086,65547.27707055643,65822.40787096065,65880.96425617086,502.500000000001,526.2207142857135,63277.0,63736.7
45,1,20509,20600,64066.34,62208.0,,,-1984.6143399999964,126.27434,-0.030977488959100803,2024-05-04 13:00:00,2024-05-08 08:00:00,3 days 19:00:00,,63509.756084405286,62586.4311191576,62289.13823931199,62857.372485399705,64058.87860522375,63959.736939145856,530.3678571428562,440.1942857142848,58222.0,62020.09
46,1,21125,21130,68163.0,67745.94,,,-552.9689399999977,135.90894,-0.008112450156243109,2024-05-30 05:00:00,2024-05-30 10:00:00,0 days 05:00:00,,67903.93697289443,67823.47592434968,67804.26971400518,67802.78796555416,66149.88965130305,66169.87524641477,363.86428571428615,375.00214285714276,67124.65,67124.65
47,1,21131,21138,67942.08,69315.1,,,1235.762820000004,137.25718,0.018188474948073543,2024-05-30 11:00:00,2024-05-30 18:00:00,0 days 07:00:00,,67822.30030174064,68612.6181172401,67802.88246412191,67844.66446493029,66173.98794242872,66218.08711918425,360.7221428571429,470.0492857142859,67124.65,67124.65
48,1,21206,21217,68165.97,67824.0,,,-477.95997000000114,135.98997,-0.007011709361724084,2024-06-02 14:00:00,2024-06-03 01:00:00,0 days 11:00:00,,67949.24909326868,67967.15204624213,67854.09961391446,67859.30908019259,66478.31412464535,66517.62268686554,269.4192857142885,342.64214285714115,66670.0,67257.47
49,1,21218,21229,68476.01,69746.23,,,1131.997760000001,138.22224,0.016531304321031507,2024-06-03 02:00:00,2024-06-03 13:00:00,0 days 11:00:00,,68048.77531056174,69118.25430301431,67863.0085547428,67945.41088412474,66522.36290487586,66590.2056888529,338.1207142857134,443.70642857142957,67257.47,67257.47
50,1,21450,21452,69800.0,67532.92,,,-2404.4129200000016,137.33292,-0.03444717650429799,2024-06-12 18:00:00,2024-06-12 20:00:00,0 days 02:00:00,,69001.81546066333,68620.05745713826,68970.68443444828,68955.43575925332,67823.8114551919,67823.78646994932,534.9621428571419,708.2378571428562,66051.0,66051.0
51,1,22222,22227,61276.36,62482.0,,,1081.8816399999994,123.75836000000001,0.01765577524513538,2024-07-14 22:00:00,2024-07-15 03:00:00,0 days 05:00:00,,60330.6632719076,61326.777676157675,58781.38345186976,58877.47993097557,61179.52314926938,61186.09345362409,418.5199999999999,564.4428571428564,57502.0,57756.63
52,1,22482,22497,65051.98,67106.0,,,1921.8620199999968,132.15798,0.029543482304458715,2024-07-25 18:00:00,2024-07-26 09:00:00,0 days 15:00:00,,64616.89395220384,66784.02507480835,64558.02558470028,64738.37257910975,63301.66406223205,63417.19611590891,490.0357142857148,468.5185714285716,63456.7,63456.7
53,1,22623,22628,66440.01,65256.83,,,-1314.876839999993,131.69684,-0.019790437117634303,2024-07-31 15:00:00,2024-07-31 20:00:00,0 days 05:00:00,,66286.14703382294,65901.12591502201,66245.23805992423,66233.23448491399,64517.72356937189,64534.68633672617,398.3192857142858,537.0392857142875,65302.67,64543.57
54,1,23132,23180,61570.0,63628.84,,,1933.6411599999965,125.19883999999999,0.03140557349358451,2024-08-21 20:00:00,2024-08-23 20:00:00,2 days 00:00:00,,60353.970007219534,62421.05199855531,59608.65899175338,60013.41767520828,60835.96945356941,60861.52869405527,623.4699999999996,601.6828571428586,58548.23,59724.87
55,1,23680,23734,59666.01,59651.7,,,-133.62771000000495,119.31771,-0.0022395952067183014,2024-09-13 16:00:00,2024-09-15 22:00:00,2 days 06:00:00,,58573.312395830384,59830.524623114514,57290.4651344621,58115.70108248039,58724.07211329188,58888.086758967656,421.60499999999956,273.35000000000065,55852.0,59392.0
56,2,23770,23776,58966.47,61135.49,,,4097.836079999994,240.20391999999998,0.034747171400967294,2024-09-17 10:00:00,2024-09-17 16:00:00,0 days 06:00:00,,58632.58955776412,59735.21388585982,58172.00513002397,58242.07712712458,58844.55835035498,58861.070912827665,352.46928571428464,484.2671428571422,57493.3,57493.3
57,1,24237,24238,62620.62,62303.04,,,-442.5036600000018,124.92366000000001,-0.007066420932913214,2024-10-06 21:00:00,2024-10-06 22:00:00,0 days 01:00:00,,62472.32349985817,62498.964681702135,62504.56689844333,62505.32625459985,61693.10709391055,61695.41856184086,242.51500000000098,254.87214285714384,61689.26,61689.26
58,1,24240,24241,62819.91,63677.98,,,731.5721099999997,126.49789000000001,0.011645545337457427,2024-10-07 00:00:00,2024-10-07 01:00:00,0 days 01:00:00,,62761.07503485845,62953.42502852054,62515.19434252912,62523.85750304387,61703.169486078994,61708.45245864809,332.17285714285805,344.8292857142868,61689.26,61689.26
59,1,24278,24280,63035.27,62288.01,,,-872.5832799999947,125.32328,-0.013842778495277217,2024-10-08 14:00:00,2024-10-08 16:00:00,0 days 02:00:00,,62666.95910951893,62592.95758571102,62628.0173354808,62625.38766447742,61824.021921932246,61827.040168209634,394.365714285715,448.96142857142956,62005.0,61864.89
60,1,24951,24963,69964.01,73077.05,,,2969.998940000008,143.04106000000002,0.04245038184632359,2024-11-05 15:00:00,2024-11-06 03:00:00,0 days 12:00:00,,69060.13671759133,71234.39377170448,68908.2029788326,69036.32671766102,66950.07078767194,67056.72111399575,432.01571428571333,1146.461428571428,66835.0,66835.0
61,1,25473,25659,93433.2,101248.19,,,7620.3086100000055,194.68139000000002,0.08155889566021497,2024-11-27 09:00:00,2024-12-05 03:00:00,7 days 18:00:00,,92996.46750521247,99128.1253414304,92897.27012467268,95356.655275545,84403.77259660048,88829.11924822256,683.7942857142864,1362.0157142857154,90791.1,93578.17
62,1,25811,25817,98214.29,100576.0,,,2162.9197100000065,198.79029,0.02202245426811105,2024-12-11 11:00:00,2024-12-11 17:00:00,0 days 06:00:00,,97704.39047053945,99132.68719299753,97447.87992627798,97530.01285350473,91996.37433868297,92108.64953153014,682.8621428571433,703.471428571429,94150.05,94150.05
63,1,26156,26168,99018.52,97719.99,,,-1495.268509999999,196.73851000000002,-0.01510089738768056,2024-12-25 20:00:00,2024-12-26 08:00:00,0 days 12:00:00,,98660.60025088543,97973.27150319878,98487.29772438155,98480.5496840441,96350.63458733496,96411.46451978586,607.8107142857116,785.2492857142851,92520.0,93810.45
64,1,26339,26371,96708.0,98527.97,,,1624.7340300000012,195.23597,0.01680040979029656,2025-01-02 11:00:00,2025-01-03 19:00:00,1 days 08:00:00,,96027.611186008,97654.45754127673,95747.10488403427,95996.15664077157,95754.35329537929,95852.83222140535,533.3728571428552,530.3321428571445,92888.0,93936.44
65,1,26627,26654,96686.09,98963.99,,,2082.249920000009,195.65008,0.02153618912503353,2025-01-14 11:00:00,2025-01-15 14:00:00,1 days 03:00:00,,95658.98774752274,97699.24742585018,95396.8761965071,95653.36942515285,95820.57175581779,95893.38057548307,594.1400000000004,682.7592857142839,89256.69,89256.69
66,1,26962,26973,102955.99,101264.02,,,-1896.1900100000012,204.22001,-0.018417481197548574,2025-01-28 10:00:00,2025-01-28 21:00:00,0 days 11:00:00,,102536.72576025002,101911.61994707299,102460.08015097592,102442.35040494367,99960.82103174775,100022.01048213724,761.2485714285722,826.8057142857162,97777.77,97777.77
67,1,26996,27015,103584.0,105920.57,,,2127.065430000007,209.50457,0.02053469097544034,2025-01-29 20:00:00,2025-01-30 15:00:00,0 days 19:00:00,,102853.88889311717,105238.61305682737,102427.19082185709,102721.81181822684,100150.61042154442,100370.5208807674,830.616428571431,639.9742857142846,99175.03,100272.68
68,1,27523,27547,98295.09,96543.52,,,-1946.4086099999924,194.83861000000002,-0.01980168704255714,2025-02-20 19:00:00,2025-02-21 19:00:00,1 days 00:00:00,,97672.33785611806,97431.15888399706,96974.88271012834,97141.83029746989,98129.2766865299,98128.33439857671,442.6485714285726,819.557142857142,93388.09,95247.15
69,1,28306,28376,87221.65,85212.98,,,-2181.1046299999985,172.43463,-0.02500645917613346,2025-03-25 10:00:00,2025-03-28 08:00:00,2 days 22:00:00,,86959.31187524629,86146.46333219421,84939.47719364201,85770.35645961232,87163.61674979267,87169.3935676565,495.94142857142805,458.27571428571747,84314.31,85050.01
70,1,28504,28511,86757.67,82821.6,,,-4105.649269999993,169.57927,-0.04732318502790579,2025-04-02 16:00:00,2025-04-02 23:00:00,0 days 07:00:00,,85648.52798858163,84760.37060974515,84537.14620268921,84561.5923758253,86178.69576230606,86159.73996599024,681.4335714285709,1141.6214285714293,82265.1,82265.1
71,1,28742,28809,84458.24,85850.0,,,1221.4517599999947,170.30824,0.014462197649394368,2025-04-12 14:00:00,2025-04-15 09:00:00,2 days 19:00:00,,83890.87831555,85496.45150720981,81852.08996413535,82907.61155208445,83961.58482337453,84086.58958013913,484.4664285714285,429.2907142857148,78464.36,83034.23
72,1,28839,28929,84605.3,84647.3,,,-127.2526,169.2526,-0.0015040736218652879,2025-04-16 15:00:00,2025-04-20 09:00:00,3 days 18:00:00,,84090.12461755108,84915.15732264845,83140.32711221912,83889.07807123192,84095.32996343634,84231.7994173255,557.2121428571409,185.21928571428413,83111.64,84303.96
73,1,30089,30122,105350.68,105527.71,,,-33.84838999998664,210.87839000000002,-0.000321292563085402,2025-06-07 17:00:00,2025-06-09 02:00:00,1 days 09:00:00,,105285.39143295752,105792.94257148812,105255.63485535303,105348.33072361561,103294.24100366767,103486.37782323442,338.5414285714318,336.7442857142856,100372.26,104328.18
74,1,30296,30308,107061.8,108652.01,,,1374.4961899999919,215.71381,0.01283834374165196,2025-06-16 08:00:00,2025-06-16 20:00:00,0 days 12:00:00,,106369.32204637458,107848.25451315558,106155.32587853477,106264.23630107209,104651.05608540298,104737.1056429005,473.27000000000197,515.6907142857132,104300.0,104300.0
75,1,30484,30611,104919.6,108153.25,,,3020.577149999994,213.07285000000002,0.028789445918589073,2025-06-24 04:00:00,2025-06-29 11:00:00,5 days 07:00:00,,104452.56405390598,107765.58626451614,104304.97113940808,105893.04151423559,104361.66689157506,105085.36859434914,950.922142857142,195.23142857142582,98200.0,106356.76
76,1,30680,30688,107080.0,108737.75,,,1441.93225,215.81775,0.013465934348151016,2025-07-02 08:00:00,2025-07-02 16:00:00,0 days 08:00:00,,106650.2526631057,107979.90000012358,106311.39469059496,106402.13558480951,105401.80312207153,105454.31044929173,429.52642857142826,468.71214285714296,105100.19,105100.19
77,1,31254,31295,117444.99,119495.16,,,1813.2298499999984,236.94015000000002,0.015438971470813667,2025-07-26 06:00:00,2025-07-27 23:00:00,1 days 17:00:00,,117271.03247725201,119018.60803341138,117217.69339411844,117475.78682841024,113679.92495909792,114127.71459257169,376.3978571428566,399.9500000000002,114723.16,117102.3
78,1,31370,31389,118055.32,116514.0,,,-1775.889320000007,234.56932,-0.015042857196100962,2025-07-31 02:00:00,2025-07-31 21:00:00,0 days 19:00:00,,117882.25994174782,117452.71662007185,117741.53106881502,117781.99468336694,114821.39929297482,114973.23279175538,668.6164285714289,549.7071428571445,115796.23,115796.23
79,1,31550,31612,116640.01,118500.0,,,1624.8499900000052,235.14001000000002,0.013930468541626526,2025-08-07 14:00:00,2025-08-10 04:00:00,2 days 14:00:00,,115851.8468244622,117342.39750061245,115561.39005125866,115993.6593913429,114770.04092532927,115066.09120944444,466.79428571428537,394.490714285715,112650.0,115878.71
80,1,31787,31795,118393.34,117542.01,,,-1087.2653500000017,235.93534999999997,-0.009183500946928326,2025-08-17 11:00:00,2025-08-17 19:00:00,0 days 08:00:00,,118099.6511576232,117905.83090956518,118044.84060052522,118041.23184215177,116505.14449787169,116534.30704028415,264.7628571428598,318.0635714285724,116803.99,116862.5
81,1,31918,31964,117028.27,112600.0,,,-4657.898270000004,229.62827000000001,-0.03980147933486501,2025-08-22 22:00:00,2025-08-24 20:00:00,1 days 22:00:00,,116087.48863230883,113963.58086457559,115940.21553257124,115708.11687544906,115962.81948972083,115868.80932935962,874.4357142857126,683.1657142857148,111684.79,110680.0
82,1,32245,32247,113214.78,110569.99,,,-2868.574769999994,223.78477,-0.02533745832478758,2025-09-05 13:00:00,2025-09-05 15:00:00,0 days 02:00:00,,112372.31291285453,111803.20004910097,111296.62776908478,111287.9791486181,113148.69521167458,113136.20047582261,536.8671428571417,690.4007142857133,109329.12,109329.12
83,1,32335,32344,113022.62,110880.76,,,-2365.763380000001,223.90338,-0.020931769056495114,2025-09-09 07:00:00,2025-09-09 16:00:00,0 days 09:00:00,,112271.75282441676,111942.37920183493,111287.48211879071,111342.40592878537,112760.18037681418,112748.56280074433,464.78499999999934,568.3085714285698,110463.1,110621.78
84,1,32365,32399,113413.5,115084.01,,,1442.0124899999948,228.49750999999998,0.012714645875491063,2025-09-10 13:00:00,2025-09-11 23:00:00,1 days 10:00:00,,112586.51307074721,114675.31795936945,111409.2111513093,111968.98163438162,112701.97153717598,112820.42085955328,515.9685714285713,521.2757142857133,110766.66,110917.45
85,1,32846,32865,113404.53,116111.27,,,2477.224200000005,229.5158,0.021844137972266323,2025-09-30 14:00:00,2025-10-01 09:00:00,0 days 19:00:00,,113427.21459948478,114941.43531633215,112448.95724515671,112670.5798826681,113145.28402515237,113198.69054019754,425.7964285714271,564.9314285714291,109314.98,111865.95
86,1,35099,35137,89666.3,91341.48,,,1494.172219999993,181.00778000000003,0.01666369884783911,2026-01-02 11:00:00,2026-01-04 01:00:00,1 days 14:00:00,,89138.27932866823,90642.91935246196,88170.84139474784,88603.43639780351,89650.77638480805,89690.73769632878,363.59642857142796,309.55142857143284,87250.0,88379.88
87,1,35249,35373,90926.84,94408.7,,,3296.5244600000005,185.33553999999998,0.036254690694188844,2026-01-08 17:00:00,2026-01-13 21:00:00,5 days 04:00:00,,90629.39406612041,93459.5369569308,90441.59007986117,90935.82469008623,90293.80922863494,90543.88832539952,639.5642857142864,594.6714285714271,89311.0,90128.44
